:020000040000fa
:080000000002040000000000f2
:020000040000fa
:040008009e06000050
:020000040000fa
:04000c009e0600004c
:020000040000fa
:040010009e06000048
:020000040000fa
:040014009e06000044
:020000040000fa
:040018009e06000040
:020000040000fa
:04001c009e0600003c
:020000040000fa
:040020009e06000038
:020000040000fa
:040024009e06000034
:020000040000fa
:040028009e06000030
:020000040000fa
:04002c00b605000015
:020000040000fa
:040030009e06000028
:020000040000fa
:040034009e06000024
:020000040000fa
:040038009e06000020
:020000040000fa
:04003c009e0600001c
:020000040000fa
:040040009e06000018
:020000040000fa
:040044009e06000014
:020000040000fa
:040048009e06000010
:020000040000fa
:04004c009e0600000c
:020000040000fa
:040050009e06000008
:020000040000fa
:040054009e06000004
:020000040000fa
:040058009e06000000
:020000040000fa
:04005c009e060000fc
:020000040000fa
:040060009e060000f8
:020000040000fa
:040064009e060000f4
:020000040000fa
:040068009e060000f0
:020000040000fa
:04006c001605000075
:020000040000fa
:040070009e060000e8
:020000040000fa
:040074009e060000e4
:020000040000fa
:040078009e060000e0
:020000040000fa
:04007c009e060000dc
:020000040000fa
:040080009e060000d8
:020000040000fa
:040084009e060000d4
:020000040000fa
:040088009e060000d0
:020000040000fa
:04008c009e060000cc
:020000040000fa
:040090009e060000c8
:020000040000fa
:040094009e060000c4
:020000040000fa
:040098009e060000c0
:020000040000fa
:04009c009e060000bc
:020000040000fa
:0400a0009e060000b8
:020000040000fa
:0400a4009e060000b4
:020000040000fa
:0400a8009e060000b0
:020000040000fa
:0400ac009e060000ac
:020000040000fa
:0400b0009e060000a8
:020000040000fa
:0400b4009e060000a4
:020000040000fa
:0400b80096050000a9
:020000040000fa
:0400bc009e0600009c
:020000040000fa
:0400c0009e06000098
:020000040000fa
:0400c4009e06000094
:020000040000fa
:0400c8009e06000090
:020000040000fa
:0400cc009e0600008c
:020000040000fa
:0400d0009e06000088
:020000040000fa
:0400d4009e06000084
:020000040000fa
:0400d8009e06000080
:020000040000fa
:0400dc007e0600009c
:020000040000fa
:0400e0009e06000078
:020000040000fa
:0400e4009e06000074
:020000040000fa
:0400e8009e06000070
:020000040000fa
:0400ec009e0600006c
:020000040000fa
:0400f0009e06000068
:020000040000fa
:0400f4009e06000064
:020000040000fa
:0400f8009e06000060
:020000040000fa
:0400fc009e0600005c
:020000040000fa
:040100009e06000057
:020000040000fa
:040104009e06000053
:020000040000fa
:040108009e0600004f
:020000040000fa
:04010c009e0600004b
:020000040000fa
:040110009e06000047
:020000040000fa
:040114009e06000043
:020000040000fa
:040118009e0600003f
:020000040000fa
:04011c009e0600003b
:020000040000fa
:040120009e06000037
:020000040000fa
:040124009e06000033
:020000040000fa
:040128005605000078
:020000040000fa
:04012c009e0600002b
:020000040000fa
:040130009e06000027
:020000040000fa
:040134009e06000023
:020000040000fa
:040138009e0600001f
:020000040000fa
:04013c009e0600001b
:020000040000fa
:040140009e06000017
:020000040000fa
:040144009e06000013
:020000040000fa
:040148009e0600000f
:020000040000fa
:04014c009e0600000b
:020000040000fa
:040150009e06000007
:020000040000fa
:040154009e06000003
:020000040000fa
:040158009e060000ff
:020000040000fa
:04015c009e060000fb
:020000040000fa
:040160009e060000f7
:020000040000fa
:040164009e060000f3
:020000040000fa
:040168009e060000ef
:020000040000fa
:04016c009e060000eb
:020000040000fa
:040170009e060000e7
:020000040000fa
:040174009e060000e3
:020000040000fa
:040178009e060000df
:020000040000fa
:04017c009e060000db
:020000040000fa
:040180009e060000d7
:020000040000fa
:040184009e060000d3
:020000040000fa
:040188009e060000cf
:020000040000fa
:04018c009e060000cb
:020000040000fa
:040190009e060000c7
:020000040000fa
:040194009e060000c3
:020000040000fa
:040198009e060000bf
:020000040000fa
:04019c009e060000bb
:020000040000fa
:0401a000d605000080
:020000040000fa
:0401a4000e06000043
:020000040000fa
:0401a8009e060000af
:020000040000fa
:0401ac009e060000ab
:020000040000fa
:0401b0009e060000a7
:020000040000fa
:0401b40046060000fb
:020000040000fa
:0401b8009e0600009f
:020000040000fa
:0401bc009e0600009b
:020000040000fa
:0401c0009e06000097
:020000040000fa
:0401c4009e06000093
:020000040000fa
:0401c8009e0600008f
:020000040000fa
:0401cc009e0600008b
:020000040000fa
:0401d0009e06000087
:020000040000fa
:0401d4009e06000083
:020000040000fa
:0401d8009e0600007f
:020000040000fa
:0401dc009e0600007b
:020000040000fa
:0401e0009e06000077
:020000040000fa
:0401e4009e06000073
:020000040000fa
:0401e8009e0600006f
:020000040000fa
:0401ec009e0600006b
:020000040000fa
:0401f0009e06000067
:020000040000fa
:0401f4009e06000063
:020000040000fa
:0401f8009e0600005f
:020000040000fa
:0401fc009e0600005b
:020000040000fa
:040200009e06000056
:020000040000fa
:040204009e06000052
:020000040000fa
:040208009e0600004e
:020000040000fa
:04020c009e0600004a
:020000040000fa
:040210009e06000046
:020000040000fa
:040214009e06000042
:020000040000fa
:040218009e0600003e
:020000040000fa
:04021c009e0600003a
:020000040000fa
:040220009e06000036
:020000040000fa
:040224009e06000032
:020000040000fa
:040228009e0600002e
:020000040000fa
:04022c009e0600002a
:020000040000fa
:040230009e06000026
:020000040000fa
:040234009e06000022
:020000040000fa
:040238009e0600001e
:020000040000fa
:04023c009e0600001a
:020000040000fa
:040240009e06000016
:020000040000fa
:040244009e06000012
:020000040000fa
:040248009e0600000e
:020000040000fa
:04024c009e0600000a
:020000040000fa
:040250009e06000006
:020000040000fa
:040254009e06000002
:020000040000fa
:040258009e060000fe
:020000040000fa
:04025c009e060000fa
:020000040000fa
:040260009e060000f6
:020000040000fa
:040264009e060000f2
:020000040000fa
:040268009e060000ee
:020000040000fa
:04026c009e060000ea
:020000040000fa
:040270009e060000e6
:020000040000fa
:040274009e060000e2
:020000040000fa
:040278009e060000de
:020000040000fa
:04027c009e060000da
:020000040000fa
:040280009e060000d6
:020000040000fa
:040284009e060000d2
:020000040000fa
:040288009e060000ce
:020000040000fa
:04028c009e060000ca
:020000040000fa
:040290009e060000c6
:020000040000fa
:040294009e060000c2
:020000040000fa
:040298009e060000be
:020000040000fa
:04029c009e060000ba
:020000040000fa
:0402a0009e060000b6
:020000040000fa
:0402a4009e060000b2
:020000040000fa
:0402a8009e060000ae
:020000040000fa
:0402ac009e060000aa
:020000040000fa
:0402b0009e060000a6
:020000040000fa
:0402b4009e060000a2
:020000040000fa
:0402b8009e0600009e
:020000040000fa
:0402bc009e0600009a
:020000040000fa
:0402c0009e06000096
:020000040000fa
:0402c4009e06000092
:020000040000fa
:0402c8009e0600008e
:020000040000fa
:0402cc009e0600008a
:020000040000fa
:0402d0009e06000086
:020000040000fa
:0402d4009e06000082
:020000040000fa
:0402d8009e0600007e
:020000040000fa
:0402dc009e0600007a
:020000040000fa
:0402e0009e06000076
:020000040000fa
:0402e4009e06000072
:020000040000fa
:0402e8009e0600006e
:020000040000fa
:0402ec009e0600006a
:020000040000fa
:0402f0009e06000066
:020000040000fa
:0402f4009e06000062
:020000040000fa
:0402f8009e0600005e
:020000040000fa
:0402fc009e0600005a
:020000040000fa
:040300009e06000055
:020000040000fa
:040304009e06000051
:020000040000fa
:040308009e0600004d
:020000040000fa
:04030c009e06000049
:020000040000fa
:040310009e06000045
:020000040000fa
:040314009e06000041
:020000040000fa
:040318009e0600003d
:020000040000fa
:04031c009e06000039
:020000040000fa
:040320009e06000035
:020000040000fa
:040324009e06000031
:020000040000fa
:100400008fbd21000eff22000e01880000000000b9
:10041000000020000000e000020032000001200087
:100420002002880014000700460207000000e000d8
:1004300003003a00e0892400010020000200370098
:100440000000200001002000810f70000100320038
:100450000f000700000020000000e0000200320052
:1004600000000200000000000e2602000000000054
:100470000040da000000fe00a00c20000000e000b8
:1004800002003200002020009001880000000600d9
:10049000a1028800800478000000eb001f003700f4
:1004a000e284440054a0b4009905ba00e2844400f8
:1004b00054a0b4009906ba00e284440054a0b400e9
:1004c0000006eb00476fde00fd07b200ae018800ba
:1004d000636ce10003003a000ad801000000eb0061
:1004e0000e003700606ce10008003a00004deb00a0
:1004f0000a05e800020039003420ec000af0a000f0
:100500008b05e900f9ff3e00040037006168e10057
:10051000010032000086eb000b00070019c7ba008b
:100520001905ba000e04e00003003a000a00e000da
:10053000dbff3a0000000600fe07b200ae028800b2
:100540008a047800f5ff37000cd0a300e20f4d00bd
:100550001c003b0089027800354dba000a05e8000e
:10056000020039003420ec000af0a0008b05e900fd
:100570000f003200254dba000a05e80002003900dc
:100580003420ec000af0a0008b05e90008003200de
:100590000c00e0000600320015cdba000a05e800a4
:1005a000020039003420ec000af0a0008b05e900bd
:1005b0008984e80054a0b4000b00e000e2ff3a0098
:1005c000000006009902ba00055d78008b05e9007d
:1005d000f7ff3200c82ade00055d78008b05e900d0
:1005e000f3ff32000c00e000f1ff320019ddba0029
:1005f000eeff3700000000000000000000000000d7
:1006000000000000000000000000000000000000ea
:1006100000000000000000000000000000000000da
:1006200000000000000000000000000000000000ca
:1006300000000000000000000000000000000000ba
:1006400000000000000000000000000000000000aa
:10065000000000000000000000000000000000009a
:10066000000000000000000000000000000000008a
:10067000000000000000000000000000000000007a
:10068000000000000000000000000000000000006a
:10069000000000000000000000000000000000005a
:1006a000000000000000000000000000000000004a
:1006b000000000000000000000000000000000003a
:1006c000000000000000000000000000000000002a
:1006d000000000000000000000000000000000001a
:1006e000000000000000000000000000000000000a
:1006f00000000000000000000000000000000000fa
:1007000000000000000000000000000000000000e9
:1007100000000000000000000000000000000000d9
:1007200000000000000000000000000000000000c9
:1007300000000000000000000000000000000000b9
:1007400000000000000000000000000000000000a9
:100750000000000000000000000000000000000099
:100760000000000000000000000000000000000089
:100770000000000000000000000000000000000079
:100780000000000000000000000000000000000069
:100790000000000000000000000000000000000059
:1007a0000000000000000000000000000000000049
:1007b0000000000000000000000000000000000039
:1007c0000000000000000000000000000000000029
:1007d0000000000000000000000000000000000019
:1007e0000000000000000000000000000000000009
:1007f00000000000000000000000000000000000f9
:1008000000000000000000000000000000000000e8
:1008100000000000000000000000000000000000d8
:1008200000000000000000000000000000000000c8
:1008300000000000000000000000000000000000b8
:1008400000000000000000000000000000000000a8
:100850000000000000000000000000000000000098
:100860000000000000000000000000000000000088
:100870000000000000000000000000000000000078
:100880000000000000000000000000000000000068
:100890000000000000000000000000000000000058
:1008a0000000000000000000000000000000000048
:1008b0000000000000000000000000000000000038
:1008c0000000000000000000000000000000000028
:1008d0000000000000000000000000000000000018
:1008e0000000000000000000000000000000000008
:1008f00000000000000000000000000000000000f8
:1009000000000000000000000000000000000000e7
:1009100000000000000000000000000000000000d7
:1009200000000000000000000000000000000000c7
:1009300000000000000000000000000000000000b7
:1009400000000000000000000000000000000000a7
:100950000000000000000000000000000000000097
:100960000000000000000000000000000000000087
:100970000000000000000000000000000000000077
:100980000000000000000000000000000000000067
:100990000000000000000000000000000000000057
:1009a0000000000000000000000000000000000047
:1009b0000000000000000000000000000000000037
:1009c0000000000000000000000000000000000027
:1009d0000000000000000000000000000000000017
:1009e0000000000000000000000000000000000007
:1009f00000000000000000000000000000000000f7
:100a000000000000000000000000000000000000e6
:100a100000000000000000000000000000000000d6
:100a20000000000000000000000000003600f80098
:100a3000809fbe00829fbe00849fbe00869fbe0036
:100a40000000fa000228a900211080000008200000
:100a5000008060000000e0000c00320004e2a90009
:100a60000000eb0030de88000000eb0040de880074
:100a70000000eb0000de88000000eb0010de8800c4
:100a80000000eb00f0dd880001003700c51707000b
:100a90000080fa004f03be004f02be004f01be00af
:100aa0004f00be003600f900004006003600f80096
:100ab000809fbe00829fbe00849fbe00869fbe00b6
:100ac0000000fa000000eb0030de88000000eb00c0
:100ad00040de88000000eb0000de88000000eb0034
:100ae00010de88000000eb00f0dd88002000200010
:100af000e0dd88000542a900a09080000000e00031
:100b000002003200a0908000000001000808a90047
:100b10000080fa004f03be004f02be004f01be002e
:100b20004f00be003600f900004006003600f80015
:100b3000809fbe00829fbe00849fbe00869fbe0035
:100b40000000fa0020918000000001000488a90044
:100b50000080fa004f03be004f02be004f01be00ee
:100b60004f00be003600f900004006003600f800d5
:100b7000809fbe00829fbe00849fbe00869fbe00f5
:100b80000000fa0030918000000001000028a90058
:100b90000080fa004f03be004f02be004f01be00ae
:100ba0004f00be003600f900004006003600f80095
:100bb000809fbe00829fbe00849fbe00869fbe00b5
:100bc0003200f8003400f80010002000a001880076
:100bd0000020200000d0fe000200fa00916080009a
:100be000010f7800529080009e0078000000eb001a
:100bf000020001000bc8a9000080fa003400f900cf
:100c00003200f9004f03be004f02be004f01be008c
:100c10004f00be003600f900004006003600f80024
:100c2000809fbe00829fbe00849fbe00869fbe0044
:100c30003200f8003400f80010002000a001880005
:100c40000020200000d0fe000200fa00a160800019
:100c5000010f7800529080009e0078001000200064
:100c6000020001000be8a9000080fa003400f9003e
:100c70003200f9004f03be004f02be004f01be001c
:100c80004f00be003600f900004006003600f800b4
:100c9000809fbe00829fbe00849fbe00869fbe00d4
:100ca0003200f8003400f80010002000a001880095
:100cb0000020200000d0fe000200fa00e160800069
:100cc000010f7800529080009e00780020002000e4
:100cd000020001000c68a9000080fa003400f9004d
:100ce0003200f9004f03be004f02be004f01be00ac
:100cf0004f00be003600f900004006003600f80044
:100d0000809fbe00829fbe00849fbe00869fbe0063
:100d10000000fa00009080000000010005a8a90072
:100d20000080fa004f03be004f02be004f01be001c
:100d30004f00be003600f900004006000040da0017
:100d40000000fe000000050014002000af03370083
:100d5000f4ff2f00ad0337000001be004100070083
:100d60000470a70003f0a1006509b100160032006d
:100d70000d0035006828e10006003500f0ff2f0067
:100d8000f1ff27000300e00013003b0001002800f2
:100d90000000050000004000818048008502e90055
:100da000fcff3a0008003700f88f420002003c00c8
:100db0008000eb00000005008100d1000080d3001e
:100dc0008502e800fcff3a000300e00002003b005f
:100dd00060001000e0801800000006000001be0066
:100de000200007000470a70003f0a10003f8a3008f
:100df00013003a006509b100100032000900350007
:100e00006928e1000200350001002800000005000b
:100e100000004000818048008502e900fcff3a00a4
:100e200000000600f88f4200050035008100d10067
:100e30000080d3008502e800fcff3a0000000600b5
:100e40008000eb00000005004f89de008201780081
:100e5000890337006011b8009703370004002000b1
:100e60006a033700c70ade00f107b200f50fb200cf
:100e700008003200e1cf4200020032000170a00001
:100e800024000500810f70000100320004080500f5
:100e900044000500810f700002003a0014000500b4
:100ea0008502e9000000400081c04800fcff3b00d3
:100eb0000170a0002400050007f8270007836100e7
:100ec0000638e10004003a00f7072000878361003c
:100ed0008703710001003a0003f0a200889fbe0062
:100ee0008a9fbe008c9fbe00470ade000480a100de
:100ef000c71ade000580a1000700280007856000f2
:100f000087856100f70f20000720e1009e00320076
:100f10000728e1009c003200010678000400e00090
:100f2000b4003200f7072000878060000170a00045
:100f30000500e000c0003200f70720008781610053
:100f40000370a000050652000f003a000b50e100ac
:100f50000b0032000308e10002003a000200e10049
:100f60007e003200020450008384580004003100e7
:100f70000001fd008101fd008402fd008a05fd00e5
:100f80006044b800210037000520e10005003d0065
:100f90000001fd008101fd008402fd008a05fd00c5
:100fa000050652007a60e100050035000170a100dd
:100fb0004722dd00848070008a8070006300370063
:100fc0006044b800ef02660007ff2f0007066600c6
:100fd0000500e00006003400f08312008714dd00f5
:100fe0000511de00071bdd00060171008519de001a
:100ff0007060e10005003500090478008204780083
:10100000030178008001eb00700656000b50e100f0
:1010100003003a00020040008380480004003700cb
:1010200060041400e0841c00020058008380580013
:101030000188a300060032008100d1000080d300a7
:101040008984d3000884d3000402e8002700370015
:101050000178a30025003a000100e00003003200ff
:101060008186cf00698656000a0037008c00200078
:101070000000e00004003a000900780088047800cd
:101080000004eb00700252008086cf000d0646007f
:101090000c06e9007060e100060035008000780071
:1010a00009007800880478000004eb007006560000
:1010b000700252000c00e0000c0034008c08dd00cf
:1010c000f00316000703de00868070000c00dd00d0
:1010d000074bde00060070008c4cdd000743de008d
:1010e000868474000c44dd000c0252006120e10093
:1010f000200035006101600007002800878164003e
:10110000f7ff270087836400070374000300e000f3
:101110000600320082037300040032000000e80081
:10112000e08048000188a3000e003a00f70f20007d
:101130000720e1004a003d000170a1004722dd00c8
:10114000810072008a8070000000be004f06be0061
:101150004f05be004f04be00000006006000b8004e
:10116000faff37008100d1000080d3000402e800bc
:10117000eeff37000401780089017400a101070027
:101180008a807000f1ff3700f7010700070278003e
:101190000001fd008101fd00f301070087027800d6
:1011a000850372000778a300040032000001fd00ef
:1011b0008101fd0006020700e4ff3700850362009d
:1011c0000768a300080032000b50e1000300320062
:1011d000f0ff2f00f1ff2700dcff37000001fd00ca
:1011e0008101fd00d9ff37000468a300d7ff32005a
:1011f000faff3700f8ff2700888360000b003a00f1
:101200000000e00009003a00830364008283730059
:10121000020032000200be00ccff37000b50e1009c
:10122000ceff3a000200be00c8ff370014002000c5
:10123000810064003eff3700f8ff270088836100cb
:1012400004003a000200e00002003a008c0078003e
:10125000beff3700150020008301640039ff37000e
:1012600001f827000000200081007500b7ff37005b
:10127000889fbe008a9fbe008c9fbe001b0020007e
:101280000202be0005866800060028000606660009
:101290004709de00f20fb200820032000243e8008c
:1012a00080003200c729de00f30fb2007d0032005b
:1012b0000343e8007b003200f107b2000170a00098
:1012c000f507b2000570a000c708dd004903de0085
:1012d000868070004700dd00c72add004923de005c
:1012e000868272004722dd0003055100040350008e
:1012f00085835800030031000000400081804800d1
:101300000a05e9008c1f78008a9fbe000400500087
:10131000858058000402420085824a000000400097
:10132000818048000005eb000004be006033b80077
:101330000406be000d48e10056003100050009001a
:101340004dccd8000c01b8000d02b80084814100da
:1013500060824a008283530003045c0084845c0042
:1013600060055d000a00e00025003a008005780075
:101370000d40e10049003100880078000700780046
:10138000050009004d88d8000c01b8000d02b80016
:101390008481410060824a006003110083835b0006
:1013a00004045c00e0845c000900e00021003a00d5
:1013b0004f01be000300e0002b003200e30160009b
:1013c000070673008c817100010032006400700018
:1013d0004200de004e5edd000c007000c258de00f0
:1013e00001e0a00083010700cf0178008180710037
:1013f0004f06be004f05be004f04be0000000600b1
:101400008c8343000d044c00e0844c0060054d00cb
:101410000000e9000a00e000d4ff32008c834300a2
:101420000d044c00e0844c0060054d000000e90014
:10143000ceff37000c0343008d834b0060044c004b
:10144000e0844c000000e9000900e000d8ff320011
:101450000c0343008d834b0060044c00e0844c007f
:101460000000e900d2ff37004200de004e5edd00e2
:101470000c007000c258de0001e0a000cf0178002f
:101480000300e000daff320060001000e080180086
:10149000d7ff3700f0ff2f00aaff3700f0ff2f0023
:1014a000b9ff37000404be002f010700870678004b
:1014b0000004fd008104fd002b0107000783660086
:1014c0000678a300030032000960a7000800be00f0
:1014d0002c0037000d78a300020032000800be0087
:1014e000280037000778a30026003a0001f0a10089
:1014f00009f0a1000668a30003003200f1ff2700f5
:10150000f0ff2f00baff37000d68a3000300320080
:101510000800be008c807000b5ff37000768a3008c
:1015200007003a000648a30003003200f1ff27003d
:10153000f0ff2f00aeff37000d48a300030032007c
:101540006000b8008c807000a9ff37000748a30036
:101550000400320001f82700000020008c80700099
:10156000a3ff3700760107000004fd008104fd00a1
:1015700002057800720107000802be008a017800a7
:1015800059ff37000160a00012022000429188003c
:1015900097ff37000100e000120032000500e00074
:1015a00010003200889fbe008a9fbe008c9fbe0044
:1015b0000006eb0001f8a3000300320060001000f9
:1015c000e08018000cf0a00005f8a3000300320032
:1015d00060021200e0821a000cf0a2008005eb000d
:1015e00041ff37006000b800020005000383680077
:1015f0000700280007036300470ade000480a100fb
:10160000c71ade000580a100f70f20000720e100c7
:10161000420032000728e10040003200889fbe00ef
:101620008a9fbe008c1f7800f107b200f307b2005a
:101630000400e000640032000170a0000500e0003a
:10164000680032000370a00085054200eb07b1007e
:101650000204b8000302b8008484440060854a0094
:10166000020ab800848444000a854a00030ab800cc
:1016700004054500040033000804d0008984d2002a
:101680000a85d2008b05e9006158e1003d00350074
:101690000210200009016100030820008981610017
:1016a000f70720008783640008867300c84cde00bb
:1016b000c853dd00878474004855de000300e00055
:1016c0000600320082037600040032008904e8003c
:1016d00060054d000a88a3000c003a00f70f2000b7
:1016e0000758e10044003d000a70a100c75ddd001d
:1016f0000a8575008a007300090078004f0678009b
:101700004f05be004f04be00000006000a05d100d0
:101710008984d3008b05e800f0ff3700881f78002c
:101720000604780090000700070278000001fd0021
:101730008101fd008c00070087027800850372009c
:101740000778a300050032000001fd008101fd00c3
:101750009f0007004f047800000006008503720018
:101760000748a30003003200f0ff2f00f1ff27001d
:10177000f8ff37000000200001f827008880700083
:10178000f4ff3700880178004848dd00808171004f
:101790004848de00c850dd0001007000c850de007f
:1017a000060478000b01780016000700888070009e
:1017b000d2ff37000500e0000500320017002000ce
:1017c0003a0007009dff370081037000f9ff3a00df
:1017d000860078004f0678004f05be004f04be001b
:1017e0000000050083037100f9ff3200270020008c
:1017f0002e00070094ff370001f827008680700054
:10180000f4ff37000100e000260032006101110002
:101810007810e10023003c006022b8007010e10065
:101820000400350080027800010078008000eb00a1
:10183000700151000200e000090034007003110043
:10184000062add00822ade008603dd008782720020
:101850000200de00860bdd00070070008208de005b
:1018600084817100f4ff270004826200848171008a
:1018700004002800848262006102600005f0a60076
:101880000000060004827100070032000000e8003a
:10189000e0804800000006000002be006000b800c2
:1018a000efff37006000b80000000600889fbe0010
:1018b0000004eb006138e10016003a000100e0008e
:1018c00008003a00c800de004800dd008800200063
:1018d0000100e00003003a00c800de004800dd001f
:1018e000680444008184cf00e98454000600340079
:1018f0008908dd00f08314008703de008780700014
:101900000900dd0009044400610214004f04be0018
:10191000000006000300e00008003a00c811de00e5
:101920004811dd00880020000300e00003003a00b9
:10193000c811de004811dd00680444008384cf0034
:10194000e9845400060034008919dd00f083140096
:101950008713de00878171000911dd00090444004e
:10196000e1021400e9ff37002700200001f0a70082
:1019700017002000470bde00f60fb2000400320013
:101980000643e8000a0032004702b30000000600e8
:1019900001037800f607b2000603700002003a0067
:1019a0000703b300000006008702b3000000060032
:1019b00001037800f607b20006037000020032004f
:1019c0000770a000000006000760a00000000600ed
:1019d0000478a300040032000578a300030032005d
:1019e0000168a30001003a000200be000160a000ef
:1019f0000000060081017000270032008002eb0029
:101a000001f8a3000300320060001000e08018001d
:101a100015002000f40720000202420020003400dc
:101a2000f703200087036000060420000003630022
:101a300002082000000161004700de00c909dd0046
:101a400000807100c708de000600e00008003200d8
:101a500087037100060032001000b0000180b00062
:101a60000188a30002003200c108de000402e80081
:101a7000f107b200f30f20000320e10003003d0056
:101a80004722dd00810072002900370001f827009d
:101a90000000eb00260037006000b80000000600e0
:101aa000680212007f20e100020034006000b800ec
:101ab0001f0037006011b8007020e10004003500fd
:101ac00080017800010078008000eb007002520075
:101ad0000400e00009003400f00312000719dd00e3
:101ae0008419de000703dd00868171000400de003a
:101af000070bdd00060070008408de00f7ff2700fa
:101b000083836300870371000600280003036300da
:101b1000070032000700e00003003a0061016000a6
:101b200002817300020032001000b0000180b0009a
:101b30000500a6000000060001f0a000000006005d
:101b40004f0ade004709de00f107b200f20fb200d3
:101b50000b003200f207b1000170a000c708dd00e1
:101b6000c901de00838070004700dd000400a6008c
:101b70000000060060001000e08018000000060071
:101b8000810f700001003a00000006008182cf0042
:101b90000500e00010003e008082cf00ee8242008f
:101ba0007028e1000400390007003e008000780042
:101bb0000000eb000e003700708312008600de008c
:101bc0000500dd000a003700708352008600dd004a
:101bd0000000eb0006003700e28252008508dd00bd
:101be000708312000603de00868070000500dd00b1
:101bf0007507b0000501ea000400a6000000060019
:101c000060001000e080180000000600889fbe0001
:101c10008a9fbe00841f78007c0007004f00780078
:101c200011003300f0ff2f00838f6c0006003b0093
:101c3000040565000a00a7000800370009f0a600a7
:101c40001000200008003700820f5400838f5c00d2
:101c5000030039001000200001003e0000002000b9
:101c600009f0a7000000ea004f05be004f04be00c7
:101c70000000e00000000600881f780003047800e0
:101c80000300e00007003d0060001000e080180045
:101c900060011900e081190002003b0001f02d00f5
:101ca000030037000400070008f0a70001f0a000bf
:101cb0004f04780000000600889fbe008a9fbe0087
:101cc000008270000402710004827100260032005c
:101cd0000004be000200be006011b8006b092000c5
:101ce000950220000182cf000a0039000541b100b1
:101cf0000082cf00070039000541b1000982cf0002
:101d0000040039000541b1000882cf00010039000c
:101d10000541b10005425200120032000a003b00aa
:101d200082817100610164008100d1000080d300d4
:101d30008984d3000884d3008b05e8000442e800be
:101d4000f7ff3a00070037000804440089844c007c
:101d500000004800818048008b05e9000442e9004a
:101d6000f9ff3a00030007004f05be004f04be0014
:101d70000000060081002000618055000b003d003e
:101d80000b00200061fe2f000100e1001d00340067
:101d900082817100610164008904d1000884d3004c
:101da0000000e800faff3a007100200061006400c2
:101db000030070000200600009003200610444006a
:101dc000e0844c000988a500050032008b05e8007e
:101dd0006808e10002003a008904d1000884d300b9
:101de000f20f20000258e10005003d00c75ddd0054
:101df000f907b2008980750008007800000006002d
:101e00000bf827008b007800000005000004be00de
:101e100014fc07000003be000405be000200be0063
:101e200010fc0700844f750000000600889fbe006c
:101e30008a9fbe0030044200b0844a0030054b0047
:101e400090854b006000b1000898be000a90be006b
:101e50000440e10005c8e10006d0e10007d8e10038
:101e600002003100680040001008e8004f05be0085
:101e70004f04be0000000600889fbe008a9fbe007f
:101e80003004be002005be000418540005985c0014
:101e900006185d0007985d00110020000440e10075
:101ea00005c8e10006d0e10007d8e10001003900d3
:101eb0008000eb00108810004f05be004f04be00ec
:101ec00000000600f4874700889fbe008a9fbe007e
:101ed0008c9fbe008e1f7800d0b79f00e1b79f0097
:101ee000f2b79f0083bf9f000605be000404be003a
:101ef000cfae97000000eb00c0b79f00b0b79f00c7
:101f0000a0b79f0090b79f0080b79f0000067800a1
:101f10004fb09700000140000000e00006003d00c7
:101f20003c0007000f074700450007000f00400076
:101f3000beff070005003700360007000f07470007
:101f40003f0007000f004000cbff07004fb797008e
:101f50000e00e0000c0035005fb29700efb2970072
:101f60007fb397008fbb9700100020000100200076
:101f70006011b800000272008182720002037300d7
:101f8000838373001c0007000c06e8000104200096
:101f9000810f5600deff3a000e00e00005003d0014
:101fa0000802be000a03be0000fe2f000f00400022
:101fb0009eff07000d00e00005003a000fb29700f9
:101fc0009fb297002fb39700bfb397000a00070096
:101fd0005fb09700efb097007fb197008fb997007f
:101fe0004f0778004f06be004f05be004f04be00ed
:101ff0004f01b100000006000100070000000600cc
:1020000094b79f00a5b79f00b6b79f00c7b79f00c2
:10201000000006009fb097004f08de00020170002c
:10202000a2b79f000fb097004f01de0081804000f3
:102030008100710091b79f000efe2f000000060086
:10204000de0078004f09de00000040000000710053
:1020500080b79f006fa897004f01de00818040008d
:10206000010f71000e0007004f3ade000000400033
:1020700004007000e0af9f00090007000402420066
:1020800085824a0006034b0087834b00dcff070074
:102090000802be000a03be0000fe2f00000006007a
:1020a0001fb29700afb297003fb39700cfb397002e
:1020b00000000600881f780018002000881f7800a4
:1020c00080ff07008f87e9004f04780000000600ba
:1020d000801feb007bff07008f87e90000000600f0
:1020e000889fbe008a9fbe00e00f5000e08f58001e
:1020f000e00f5900e08f59000c003d006044b8002b
:102100006055b8000000540081805c0002015d0051
:1021100083815d00180020001500070008003d00c5
:10212000180007000004eb00050037000004eb0076
:102130000f00070002003d001200070018002000f9
:10214000dcff07000800e000060032006022b80053
:102150006033b8000000520081805a0002015b0029
:1021600083815b004f05be004f04be0000000600e7
:10217000e00f5200e08f5a00e00f5b00e08f5b0041
:10218000000006006044b8006055b8000402540026
:1021900085825c0006035d0087835d000000060009
:1021a000889fbe008a9fbe008c1f7800e00f500001
:1021b000e08f5800e00f5900e08f59000d003d00fe
:1021c0006044b8006055b8000000540081805c0095
:1021d00002015d0083815d001c0020000820e100f9
:1021e00009a8e1000ab0e1000bb8e1000d003d00d4
:1021f000080037000006eb00e00f5200e08f5a00a5
:10220000e00f5b00e08f5b0006003d006044b8001b
:102210006055b8000402540085825c0006035d002e
:1022200087835d00aaff07000c00e0000600320073
:102230006022b8006033b8000000520081805a006c
:1022400002015b0083815b004f0678004f05be00f2
:102250004f04be0000000600889fbe008a9fbe009b
:102260008c1f78000006eb00e00f5000e08f580054
:10227000e00f5900e08f590007003d006044b800ae
:102280006055b8000000540081805c0002015d00d0
:1022900083815d001c002000e00f5200e08f5a0097
:1022a000e00f5b00e08f5b0007003d006044b8007a
:1022b0006055b8000402540085825c0006035d008e
:1022c00087835d000c00a2000c0007000c00e000fa
:1022d000060032006022b8006033b80000005200ef
:1022e00081805a0002015b0083815b004f06780009
:1022f0004f05be004f04be0000000600889fbe00d0
:102300008a9fbe008c9fbe000404b8000506b8007a
:102310008904460060854e000606b8000a0546009e
:10232000e0854e000706b8008b054600040eb80095
:10233000890446000a854e00e0854d00050eb80070
:102340000a0546008b854e00060eb8008b05460038
:102350000416b8000a0546008b854e000516b80025
:102360008b054600041eb8008b0546000800be0021
:102370000a01be004f06be004f05be004f04be005e
:10238000000006000800fa000002be008501780087
:1023900003f0a10000017800a6fd200097f42300bf
:1023a000860f5100878f590006003e00f4ff2f0072
:1023b000f5972300840f5100858f59006400360083
:1023c0005d0037004f0ade0005002000163d2500a5
:1023d000b7072400860f5100878f590019003e006f
:1023e00036be2c0067012400860f5100878f5900ec
:1023f0000a003e000400e00004003200b2fd2000ac
:1024000093fc2300b5fa07004f003700b2fd20000f
:1024100093fc2300a8fa0700420037000400e00004
:1024200004003200b2fd200093042400abfa070040
:1024300040003700b2fd2000930424009efa0700fc
:102440003c003700561d2300270e2400860f510044
:10245000878f590019003e00f6dd2e00f70a240090
:10246000860f5100878f59000a003e000400e000eb
:102470000400320042be2c006309240097fa0700d2
:102480002800370042be2c00630924008afa0700a6
:102490002d0037000400e00004003200b2fd2000ef
:1024a000930c24008dfa070023003700b2fd2000b2
:1024b000930c240080fa07001f003700f4ff2f0060
:1024c000f5f72700840f5100858f5900030036006f
:1024d0000001be0078fa07001d0037006881570030
:1024e0004b0007006011b80063016000e10f51006c
:1024f000e08f590009003200e20f5100e08f5900cf
:102500000a003200e00f5100e08f59000c003a0041
:102510004fb89700dfb89700070037004fb8970013
:10252000dfb897000c000700090037004fb897008c
:10253000dfb8970001f0a200900007000400370008
:102540004fb89700dfb897000300070001f0a20022
:102550000080fa0000000600889fbe008a9fbe002f
:102560008c9fbe000001be0020fc07000004be00de
:102570000001be001dfc07000005be000200200097
:1025800003f02b000800be0018fc0700020020002a
:1025900003f8230051fa07000006be00f2a92a0042
:1025a000a3d223000a00be0010fc07000001be00f9
:1025b0000c00be0049fa07000006be000801be007c
:1025c0000a00be0009fc07000005be0072a1290038
:1025d000c37c23000800be0004fc0700f243200077
:1025e00063ab230034fa07000001be000a00be00fe
:1025f000fefb07000001be000c00be0037fa07001a
:102600004f06be004f05be004f04be00000006008e
:10261000ea874700889fbe008a9fbe008c9fbe004d
:102620008e1f78000006be00020478000005be0080
:102630008b01780003f0a10000017800a0fd2000cc
:1026400091dc2400800f5100818f59001e003e0054
:1026500032982f0023f223000c00be00e3fb07009a
:102660000200200003b424001cfa0700020020002e
:1026700003b4240010fa07000005be00b6f90700f5
:1026800080047800a2fd200093fc23000a00be0015
:10269000d6fb07000001be000c00be0006fa0700d2
:1026a0000006be00325a2800832823000a00be001c
:1026b000cefb07000001be000c00be00fef90700c3
:1026c000008cbe0026003700f0ff2f00f1f7270036
:1026d000800f5100818f5900060036000c01be00aa
:1026e0000c00be00f4f90700008cbe008004eb0073
:1026f0001b0037004718de00010020006009b10010
:102700000180b100c702dd00040020000401510077
:102710008581590076875700029fbe000002eb00ba
:1027200013002000000178008e00780076805700aa
:102730004200070080047800e00f5600e08f5e0042
:1027400005003d001e00be0001f0a200008cbe008e
:102750008904ea00020037003e1c78002e1478003d
:10276000090078004f0778004f06be004f05be00f5
:102770004f04be00af00b10000000600889fbe00fd
:102780008a9fbe008c9fbe000005be000001be00f7
:1027900096fb07000004be000a01be0093fb070081
:1027a0000006be004288280083c023000800be0047
:1027b0008efb0700b2aa2a00a3e22300bef907009d
:1027c0000001be000c00be0088fb07000001be0037
:1027d0000a00be00c1f907000005be000801be00e6
:1027e0000800be0081fb07000001be000c00be0017
:1027f0007efb07000006be00c2c326006363230001
:102800000800be0079fb0700f27c2000039523003e
:10281000a9f907000001be000c00be0073fb070011
:102820000001be000a00be00acf907004f06be0062
:102830004f05be004f04be0000000600af17b000f9
:10284000889fbe008a9fbe008c9fbe008e1f7800ae
:10285000b0a79f0081af9f000204780003057800b5
:10286000f4a79f0004004200218c2100008040005a
:10287000100078006101b900b2af9f00c3af9f00a4
:102880000a00e9006102b90094af9f00a5af9f0064
:102890006300540082012000050009000200d800f6
:1028a0006103b900d6a79f00e7a79f00e00f530080
:1028b000e08f5b0003003d006000b800d0a79f00e0
:1028c000e1a79f005fa19700efa197000280ea00b7
:1028d0008380ea008201200003002000000407003a
:1028e000cfc1de0000044400818449005fa297004c
:1028f000efa297001fab9700afab97000606520000
:1029000087865a003fa89700cfa89700000243008f
:1029100081824b006eec2f000f074700c265dd007f
:10292000a08c2100808545006011b8000803be001e
:102930000a04be000205be00140037006000b800a3
:10294000e00f5600e08f5e000a0035001900be005f
:10295000d4b79f00e5b79f00f6b79f0087bf9f00e1
:1029600039f907008fbb97007fb39700efb297004c
:102970005fb2970000afbe0061054500e0854d00e5
:1029800061064600e0864e00e4844400840f550052
:10299000858f5d00e9ff34000805780064f62f009c
:1029a0000f0242006011b800b2b79f00c3b79f008a
:1029b000840678001e0037003c00be004b01be00bc
:1029c000d4b79f00e5b79f00f6b79f0087bf9f0071
:1029d00006fb07000001be000800be003ff907002b
:1029e0000004be005fb29700efb2970061024200a0
:1029f000e0824a008fbb97007fb397001fa8970023
:102a0000afa89700800f5200818f5a00eaff340070
:102a100088aebe003fb19700cfb197006101410081
:102a2000e0814900b2b79f00c3b79f000a05e800e4
:102a30003fb29700cfb297003fa89700cfa897006a
:102a4000800f5200818f5a0008003c003fa697007b
:102a5000c255dd00a1ec2f008f8040008b85400027
:102a60006044b8006022b800e4ff37003fa9970037
:102a7000cfa99700b2b79f00c3b79f0096b79f003a
:102a8000a7b79f00bfb297004228dd00a6e72f003e
:102a90000f0343000000430000bc900090bc900076
:102aa0006de72f008f8646003fb09700cfb09700ac
:102ab00061005000e0805800f0af9f0081b79f0098
:102ac000c205dd00a1f62f008f8040008b854000fd
:102ad0000d0578003fb39700cfb397000d0778003e
:102ae0001900370002002000033823000800be0050
:102af000f6b79f0087bf9f00bcfa070096f8070053
:102b0000d1f807000006be000200200003b8240030
:102b1000b6fa07000001be000800be00e6f8070094
:102b20008df8070000adbe002b00be000c01be00fa
:102b3000eaf807000004be007fb397008fbb970040
:102b400061035300e0835b00e00f5300e08f5b0004
:102b5000e4ff3c008e0678001fb697000c01780059
:102b60000800be00340307000004be00020020007d
:102b700003e023009dfa0700d002070002002000b6
:102b80000310240099fa07000001be000800be00ef
:102b9000c9f807000005be006ff807000004be007a
:102ba000a9f807000001be000a00be00c2f8070035
:102bb0000005be001fb19700afb19700e00f5100b4
:102bc000e08f590022003400ffa997004218dd0071
:102bd000a4e72f000f024200000042001002be00d6
:102be000f80016000401be00010378000603e900a6
:102bf000030033008381d1000281d300fbff370043
:102c000008044100898449008100e9000300330081
:102c10000201410083814900fbff3700020152009d
:102c200083815a000288be00770016000202be00af
:102c30000000e900030033008582d1000482d30044
:102c4000fbff3700d4af9f00e5af9f001d003700aa
:102c50001fb39700afb39700e00f5300e08f5b0006
:102c60000b003a00ffab97004238dd00a1e72f00d0
:102c70008f804000008040001000be004789de00c9
:102c8000d2af9f00cf89de00e3af9f000d00370079
:102c90000200200003f023002df80700240020008c
:102ca00005002000d4af9f00e5af9f000000e000ca
:102cb00009003d006033b800d6af9f00e7af9f002a
:102cc000620037005fa89700efa89700e00f500060
:102cd000e08f58005d00340061044400e0844c0043
:102ce0006000b8006022b800120037005d01be002d
:102cf000e00f5200e08f5a0006003a00e00f51004a
:102d0000e08f590009003200040020000510200067
:102d100002003700f4ff2f00f50f2000821e520042
:102d200083965a0014002000050020006100400036
:102d3000e08048003fb19700cfb19700820f50006c
:102d4000838f5800e9ff35001fb39700afb397009a
:102d5000e00f5300e08f5b0023003400e10f5300cd
:102d6000e08f5b0004003200e20f5300e08f5b0055
:102d70001d003a000e003700ffab97004238dd001f
:102d8000a1e72f008f804000008040001001be00ae
:102d900003037800f607b200a6a79f00820378001d
:102da00097a79f001fa19700afa197000d003700c4
:102db000ffa997004218dd00a6e72f000f0343008c
:102dc000000043001001be0083037800f703b20047
:102dd00087a79f0082007800f19f9f007f9997004e
:102de0008fa197000288be005fab9700efab970002
:102df000e20f5300e08f5b0014003a000a01be00ae
:102e00000000200001f82300d4b79f00e5b79f0021
:102e100029f807000005be005fb29700efb29700e7
:102e2000e00f5200e08f5a00080032000c017800d9
:102e30000000200001f823007f0207000001be000f
:102e40000a00be001cf807000005be006011b800b3
:102e50000a00be00bcf707000000e00082003a0054
:102e60003fb09700cfb09700ffab9700423add002c
:102e7000a2e72f000f014100040241006011b800d9
:102e8000030037002403be00060171008781710032
:102e900061005000e08058003fab9700cfab970037
:102ea000860f5000878f5800f6ff3d00e00f51005d
:102eb000e08f59007a003a0061005300e0805b0027
:102ec0004200dd00a7e72f008f834300008043000e
:102ed0001200200003002000f2af9f0083b79f0084
:102ee00012002000030020000200370061014100b1
:102ef000e08149002002be00e00f5200e08f5a003e
:102f0000faff3200f2af9f0083b79f003fb39700f4
:102f1000cfb3970061024300e0824b004226dd0000
:102f2000a7f62f008f8343000c8643005fa1970014
:102f3000efa1970061004100e08049003fb3970096
:102f4000cfb397000000430081804b00c204dd0036
:102f5000a08c2100808444001fa99700afa997008e
:102f600061004100e08049000000430081804b0087
:102f70004201dd00a3ec2f008f81410082814100de
:102f8000c3a79f000004e8000907780088067800be
:102f90000404be00280037003e00be00aaf7070068
:102fa0004fa29700009abe00c4a79f003fa29700bf
:102fb000c26add00a6ec2f000f0343008502430028
:102fc0006033b8006055b800d89f9f00e99f9f000c
:102fd0000404be000d0037003800be004901be00e9
:102fe000f6b79f0087bf9f0080f907000001be0071
:102ff0000a00be00b9f707000005be007fb39700c6
:103000008fbb970061034300e0834b001fa997002b
:10301000afa99700820f5300838f5b00eeff34004f
:103020005f9c9700ef9c97000a9ebe0061044400dd
:10303000e0844c008d06e8007faa97008fb29700cd
:103040003fb39700cfb397000400430085804b0047
:10305000800f5400818f5c00cfff3400b0b79f0019
:10306000c1b79f0087fe370098af9f00a9af9f00b0
:103070001fb49700afb497000c01ea000a00be002d
:10308000ed0107000005be000200200003b8240087
:103090002ff707000000e00020003d00430037004c
:1030a00098af9f00a9af9f001fb49700afb49700df
:1030b0003fb09700cfb0970061005000e08058000b
:1030c000b0b79f00c1b79f0078045400e0845c0053
:1030d000bfb097004208dd00a2e72f000f014100ba
:1030e000000041003fb19700cfb1970004003700c6
:1030f00061015100e081590078045400e0845c00d3
:103100002002be00e00f5200e08f5a00f8ff3200ac
:10311000b2b79f00c3b79f002c0037000200200009
:10312000033823000a00be0030f907000af7070041
:1031300045f707000006be00bfb29700422fdd0032
:10314000a6e72f000f0343000e07430002002000f4
:1031500003b8240025f907000001be000a00be00e4
:1031600055f70700fcf60700008fbe003fb0970040
:10317000cfb0970061004000e0804800b0b79f00ea
:10318000c1b79f0078044400e0844c004205dd0094
:10319000a1e72f008f8040000a8540000c00be0090
:1031a000edf60700008dbe00080037003fb1970024
:1031b0004216dd00a3e72f008f8141000c864100fd
:1031c0000a00be00e4f60700008ebe000801780089
:1031d0000000200001f82300970107000004be0052
:1031e0003fb29700f4af9f008402e80095b79f00bc
:1031f000c22ddd00a6e72f000f0343000b0543009f
:10320000a7f62f008f8343008b8543003fb69700be
:10321000cfb697000d0037004a00be000af707003e
:103220000001be000800be00f0f8070080a5be0047
:1032300002002000033823000800be00ebf807005e
:103240000004be0061065600e0865e00e00f5600f6
:10325000e08f5e00f0ff3d006df12f008f8646008d
:103260003fb59700cfb597001c0037005c01be004a
:103270005e00be00d4b79f00e5b79f00dbf80700f3
:103280000001be000800be0014f707000004be00e5
:1032900061054500e0854d00efb297005fb29700f1
:1032a0003fa89700cfa89700800f5500818f5d0041
:1032b00007003c003fb19700cfb1970004005100d8
:1032c00085805900800f5500818f5d00e7ff340035
:1032d00088aebe0061055200e0855a00e00f55003f
:1032e000e08f5d000b003500ee9c21000a06e9002e
:1032f0004266dd00a3f62f008f8141000c8641005d
:103300006044b8006000b8000a02be000005be00bc
:10331000e3ff37007fa29700e20f520005003c0058
:10332000e10f520010003d000400e00017003200e1
:10333000da003700ffa29700e38f5200d7003a006f
:103340003fb397004232dd00a7f12f008f83430087
:1033500004824300040778003fb39700cfb397007f
:10336000b4af9f00700037001fb097004205dd002a
:10337000a1f12f008f8040000a8540003fb49700e4
:10338000cfb497006000b8001d0037001fb1970050
:103390004214dd00a3f12f008f8141000884410019
:1033a0003fb59700cfb597006000b8000400370024
:1033b0004801be00c9f6070061055500e0855d00c3
:1033c000e00f5500e08f5d00f9ff3d005faa970018
:1033d000efaa9700e00f5200e08f5a000100320080
:1033e00001f0a2008faa9700808abe00ab003700d0
:1033f0004a01be00b9f6070061045400e0845c0095
:10340000e00f5400e08f5c00f9ff3d000001be00ba
:103410005fab9700efab9700e00f5300e08f5b00ce
:103420000100320001f0a2008fab9700808bbe003c
:103430005f089700ef0897009ff60700aaf12f009a
:103440000f05450018002000090020000400370087
:103450005a01be00a1f6070061044400e0844c005c
:103460003fb19700cfb19700820f5400838f5c006b
:10347000f7ff34008fa99700648141005faa97008d
:10348000efaa9700e00f5200e08f5a0001003200cf
:1034900001f0a2000089be0080003700c0ff2f00ad
:1034a000ffaa970080a8b900000047003fb297002c
:1034b000cfb2970061015200e0815a004211dd0055
:1034c000820240005506be000e0278005405be0080
:1034d0000a01be000c00be00d4b79f00e5b79f00f4
:1034e000f6b79f0087bf9f007cf607000004be0070
:1034f0000001be000c00be006ff607000001be0018
:103500000a00be0075f607005fb29700008abe0091
:10351000efb29700888abe007fb397008fbb9700f9
:1035200061035300e0835b0064075700e00f530022
:10353000e08f5b00d9ff3c003faa97003fb39700a4
:10354000cfb397000404780023003700c0ff2f009a
:10355000ffaa970080a8b900000044003fb297007e
:10356000cfb2970061015200e0815a00c214dd0021
:10357000890440005902be00080778005e06be00bc
:103580000c01be000400be00d4b79f00e5b79f0049
:10359000f6b79f0087bf9f0050f607000005be00ea
:1035a0000001be005fb29700efb297000400be00ba
:1035b00041f607000001be000c00be0047f6070000
:1035c000008fbe008a8cbe007fb397008fbb970030
:1035d00061035300e0835b0064045400e10f530077
:1035e000e08f5b00d9ff3c009fb29700422cdd00ca
:1035f000a6f12f000f034300080443003fb59700d6
:10360000cfb597006000b800040037004801be0045
:1036100032f6070061055500e0855d00e10f5500b9
:10362000e08f5d00f9ff3c005fa99700efa99700cc
:10363000e00f5100e08f59000b003a000fa99700ee
:103640005f0a9700ef0a97000499be007f0b97006e
:103650008f1397000689be008fab9700c0039800b8
:10366000d10398000d0037005f0a9700ef0a97001a
:1036700005f0a2000fa997000499be007f0a9700e9
:103680008f12970005f0a2000489be0001f0a2008d
:103690000fa9970040019800510198009fa9970039
:1036a000678061004f0778004f06be004f05be00df
:1036b0004f04be00af17b100000006000c00fa0076
:1036c000889fbe008a9fbe008c1f78000004be0049
:1036d0006000b8006011b800f0b79f0081bf9f0084
:1036e00092bf9f00a3bf9f00f8b79f0089bf9f00b4
:1036f0007fb297008fba97001fbb9700afbb9700b0
:10370000443ade00f07f20000006620020432000e3
:10371000800f560042003c006011b8000800be0057
:1037200089f507000000e0003d0032007fb09700ff
:103730008fb897001fb99700afb99700e00f5000fe
:10374000e08f5800e00f5900e08f590008003d005d
:103750000200200003b024000800be00d6f50700d8
:103760000200200003b02400dcf50700070037004a
:103770000200200003b024000800be00d7f50700b7
:103780000200200003b02400cbf507000801be00b2
:10379000c9f507000005be00e03f2000800f56007d
:1037a0000f003c00dab79f00ebb79f006044b80001
:1037b0007fb097008fb897001fb99700afb99700f7
:1037c000e00f5000e08f5800e00f5900e08f5900e3
:1037d00013003d000800200009f82b0010003700fe
:1037e0006011b8000a00be0059f507000000e000b3
:1037f000070034000a01be000800be00b7f507004c
:103800000200200003f82300abf507000300370097
:103810000a01be000800be00b0f507000004be00ab
:103820000800be004f0678004f05be004f04be00e2
:103830000080fa0000000600889fbe008a9fbe003c
:1038400002047800f93f2000890f54000d00340075
:103850000200200003f8270064f70700f83fb100da
:10386000890f5400150034000200200003f82700df
:103870005ef70700f83fb100890f54000e003c00ce
:103880000e00370029c02f00890f54000b003d00a7
:103890006011b80055f70700983cb000890f54003c
:1038a00006003d006011b80050f70700983cb000da
:1038b000890f540001003d0009047800f83fb00072
:1038c000cfc4de00614db9006044b8000801be00fd
:1038d00046f707004f05be004f04be00000006007b
:1038e000020ab900001bb9000200b80081004200c2
:0838f000810043000000060006
:020000040000fa
:1038f80094450000b24500000000000000000000f0
:103908007443000098430000bc430000000000001e
:1039180050450000e0430000a24400008842000037
:103928009042000098420000a0420000a842000017
:10393800b0420000e04200003a4300004243000069
:103948004a43000052430000664500007e450000df
:103958007c9c00005453000082530000ac530000cc
:10396800b4530000bc530000c8530000000000001e
:1039780000000000d4530000dc530000f4530000a2
:103988000a54000038540000625400006a540000d1
:10399800725400007e540000000000000000000087
:1039a8008a54000092540000aa540000c054000039
:1039b800ee5400001855000020550000285500005e
:1039c80034550000000000000000000040550000d1
:1039d8004855000060550000ce3600005a370000f8
:1039e80072370000d437000038380000b4380000bf
:1039f8008639000096390000f83900000000000000
:103a080076550000a2550000d0550000dc55000096
:103a1800e8550000f4550000000000003a57000087
:103a28004c5700005a5700006657000070570000b6
:103a38007c57000000000000680200000000000041
:103a48000000000094570000b45700000c4c000020
:103a58002e4c0000ea4b00008a4b00004a4b000045
:103a6800a04d0000ba4d00007e4d00001e4d000024
:103a7800de4c0000cc450000ec450000304600005c
:043a880014460000e0
:020000040000fa
:103a8c000000fa00a0e9840000000100d1e98400e4
:103a9c00f226210033a82300a0d52100010001004b
:103aac000080fa00000006000000fa006089800027
:103abc000000e800608988000080fa000000060021
:103acc000a00fa000e82e800000a78006400470041
:103adc00010878006600470002087800680047007b
:103aec0003487800680047001041780066004700e2
:103afc00900078000e80e80010007800a903070001
:103b0c000004e0001700320080898000000fe900fb
:103b1c002c31ef000d00370000f8240021012000ab
:103b2c004e1d0700f38580001e01780064004700dd
:103b3c009000780010c0b300030001000004e00006
:103b4c000200320010c0b30007003700618980000a
:103b5c0030062000808f5000efff36000040eb0055
:103b6c00010037000040eb000080fa000000060066
:103b7c000600fa000e81e800000978006400470096
:103b8c0001087800018680000e80e80010007800a3
:103b9c00010001000004e000170032008089800061
:103bac00000fe9002c31ef000d003700007c2200e3
:103bbc0091002000291d0700f38580001e0178006c
:103bcc00640047009000780010c0b30003000100af
:103bdc000004e0000200320010c0b3000700370000
:103bec006189800030062000808f5000efff360086
:103bfc000040eb00010037000040eb000080fa00b1
:103c0c00000006000000fa000001eb008000eb0051
:103c1c000040eb00020007000080fa0000000600e4
:103c2c00b000fa00a30a20008e8141008049780080
:103c3c00c00a20000e00400001087800e00a2000b5
:103c4c000e004000020878000040eb00004f7800a6
:103c5c00b3e7840000d0bf000080fb00f2004700f7
:103c6c0022032000030001000004e000a80232003f
:103c7c0000000000f0e78400000001000004e000f8
:103c8c00fcff3a00e0e784000000010080007800af
:103c9c006c004700010878006c00470010007800a9
:103cac000000e0009a023a008000eb000e80e80071
:103cbc00010878001200370032d1bf000080fb00f1
:103ccc008e80e80091007800010140000e80e80031
:103cdc00100078007200400000004700904078000f
:103cec00800c210000004100014878000e80e800a3
:103cfc00100078008000e8000e80e80001087800d1
:103d0c0032d1bf000080fb008e80e800910078006b
:103d1c008100400030062000808f500005003c00e0
:103d2c000e80e8009000780010032000808f500077
:103d3c00e1ff34008000eb006400470001087800cc
:103d4c008000eb0066004700010878008000eb0063
:103d5c0068004700010878003a0237006600470007
:103d6c00100078000000e0001a003a0068004700dc
:103d7c0090007800800c21000080400010407800fa
:103d8c00e14f500013003a0064004700e800470080
:103d9c00110878006800470090007800800c210022
:103dac0000804000904078006600470010007800ca
:103dbc006004b0000000470001487800660047002e
:103dcc00100078008000e8006600470001087800c9
:103ddc00170237006600470010007800e10f500012
:103dec0017003a006800470090007800800c210012
:103dfc000080400010407800e24f500010003a0064
:103e0c006800470090007800800c21000080400082
:103e1c009040780066004700100078006004b00005
:103e2c000000470001487800660047001000780049
:103e3c008000e8006600470001087800fc013700ac
:103e4c006600470010007800e10f5000f8013400c4
:103e5c006800470090007800800c21000080400032
:103e6c009040780066004700100078006004b000b5
:103e7c0000004700014878006600470010007800f9
:103e8c008000e800660047000108780066004700e3
:103e9c0010007800e70f5000e5013400b00420005a
:103eac000e004000104078000080fb0068004000cd
:103ebc00e600470091007800810f5000c3013a00e2
:103ecc006600470010007800004078000041e900cf
:103edc0066004700100078000000e9006004b000a4
:103eec000000470010407800610420008e804000e4
:103efc00471007000004e0009a0132008000eb003c
:103f0c006600470001087800610020004004200092
:103f1c000e00400001087800800420000e004000d4
:103f2c00104078000080fb0010808800a004200066
:103f3c000e004000104078000080fb00c800dd003f
:103f4c00900420000e004000104078000080fb0020
:103f5c00010070002080880010c0b300004f780072
:103f6c0010808000e70f50000b003a004004200046
:103f7c000e004000100078006004b0000000470004
:103f8c001040780001f0b70001868000300020005e
:103f9c00010001006001370010808000e50f500027
:103fac00c2003a00400420000e00400010007800cf
:103fbc00610420008e8040000080400041042000fd
:103fcc008e8040007c0f0700e0818800f181880022
:103fdc00400420000e004000100078006104200016
:103fec008e80400000804000410420008e80400004
:103ffc00710f070020828800318288004004200065
:10400c000e00400010007800610420008e804000fb
:10401c0000804000410420008e804000660f0700a5
:10402c004082880051828800400420000e0040002d
:10403c0010007800610420008e8040000080400059
:10404c00410420008e8040005b0f070070828800c6
:10405c0081828800400420000e004000100078008f
:10406c00610420008e80400000804000410420004c
:10407c008e804000500f070090828800a18288003b
:10408c00400420000e004000100078006104200065
:10409c008e80400000804000410420008e80400053
:1040ac00450f0700b0828800c182880040062000be
:1040bc000e004000104078000080fb0060828800f9
:1040cc00500620000e004000104078000080fb00dd
:1040dc00c0818800600620000e004000104078006f
:1040ec000080fb00d08188004082800051828000db
:1040fc0002002000032724005af407000001be0030
:10410c000000200001f8230056f407006e01470060
:10411c000089be0060828000e30f50002600320050
:10412c00e30f500005003e00e10f5000120032007a
:10413c00e10f500018003e0007003700e50f50005b
:10414c002d003200e50f500023003900e60f50001f
:10415c0031003200380037006e00470002002000aa
:10416c0003f023001000be001df50700f08288004c
:10417c0001838800380037006e004700325c2f0046
:10418c0083ea23001000be0015f50700f0828800ba
:10419c0001838800300037006e00470002002000c9
:1041ac0003e823001000be000df50700f082880024
:1041bc0001838800280037006e004700d2cc2c0009
:1041cc00c3e423001000be0005f50700f082880050
:1041dc0001838800200037006e004700325c2f00fe
:1041ec0083f223001000be00fdf40700f08288006b
:1041fc0001838800180037006e0047000200200081
:10420c0003f423001000be00f5f40700f0828800d0
:10421c0001838800100037006e004700d2cc2c00c0
:10422c00c3f423001000be00edf40700f0828800f8
:10423c0001838800080037006e004700325c2f00b5
:10424c0083ea23001000be00e5f40700f08288002a
:10425c000183880000000000f08280000183800050
:10426c006e0247000001be001400be000ff30700f1
:10427c0010838800218388001483800025838000ac
:10428c00f0828000018380000001be000400be00ab
:10429c000ff30700d0828800e1828800018680003d
:1042ac0030002000010001009b00370010808000ce
:1042bc00e90f500055003a00400420000e00400069
:1042cc0010007800610420008e80400000804000c7
:1042dc00410420008e804000b70e0700a0808800ab
:1042ec00b1808800400420000e00400010007800cf
:1042fc00610420008e8040000080400041042000ba
:10430c008e804000ac0e0700c0808800d1808800f1
:10431c00400420000e0040001000780061042000d2
:10432c008e80400000804000410420008e804000c0
:10433c00a10e0700e0808800f18088004004200076
:10434c000e00400010007800610420008e804000b8
:10435c0000804000410420008e804000960e070033
:10436c006080880071808800400420000e004000ae
:10437c0010007800610420008e8040000080400016
:10438c00410420008e8040008b0e07008080880046
:10439c0091808800400420000e004000100078003e
:1043ac00610420008e804000008040004104200009
:1043bc008e804000800e070040808800518088006d
:1043cc00400420000e004000100078006104200022
:1043dc008e80400000804000410420008e80400010
:1043ec00750e07000081880011818800800620006e
:1043fc000e0040001040780006f0b70001868000e7
:10440c0030002000010001004300370010808000c4
:10441c00ed0f500017003a00400420000e00400041
:10442c0010007800610420008e8040000080400065
:10443c00410420008e8040005f0e0700a0818800a0
:10444c00b1818800000520000e004000104078006b
:10445c000080fb000000ea004f00de000040780006
:10446c0032f0b7000186800030002000010001000e
:10447c002900370010808000e80f50001e003a0021
:10448c00400420000e004000100078006104200061
:10449c008e80400000804000410420008e8040004f
:1044ac00450e07005081880061818800400420007f
:1044bc000e00400010007800610420008e80400047
:1044cc0000804000410420008e8040003a0e07001e
:1044dc007081880081818800400520000e0040001a
:1044ec001040780024f0b7000186800030002000d6
:1044fc00010001000800370010808000e30f50001d
:10450c0005003200018680004000200001000100ff
:10451c000040eb00004f7800a00a20000e00400085
:10452c00104078000004e00041003200118080004f
:10453c00c00a20000e00400010007800808f500050
:10454c003b003a0021808000e00a20000e00400071
:10455c0010007800808f500035003a0010c0b30076
:10456c006c003700b00420000e00400010407800b2
:10457c000080fb0068004000e600470091007800d6
:10458c00810f50002a003d000b00370066004700e9
:10459c00100078008000e9006600470001087800f0
:1045ac0066004700100078006004b0008040eb000b
:1045bc0000004700014878006600470010007800b2
:1045cc000000e000f1ff3c0019003700b0042000af
:1045dc000e004000104078000080fb006800400096
:1045ec00e600470091007800810f500010003d005c
:1045fc000b00370066004700100078008000e900cf
:10460c00660047000108780066004700100078003b
:10461c006004b0008040eb000000470001487800c7
:10462c0066004700100078000000e000f1ff3c003d
:10463c0068004700100078008000e8006800470020
:10464c0001087800680047009000780030062000d0
:10465c00808f5000c1fd34006600470010007800c8
:10466c000000e000280034008000eb006a004700e6
:10467c0001087800140037006400470090007800af
:10468c00800c210000804000904078006a004700b8
:10469c0010017800800c21000000410001487800d6
:1046ac0064004700100078008000e80064004700b8
:1046bc00010878006a004700100078008000e800cc
:1046cc006a004700010878006400470090007800f9
:1046dc0020062000808f5000e7ff34006a0047005e
:1046ec0010007800004078000040e80032f1b7007c
:1046fc00211321009140780040c6b30080cf5000b8
:10470c0001003a003271ef001e40780001003700c2
:10471c000040eb000080fa00000006003c00fa00ac
:10472c00a10320008e80400080087800a0032000a8
:10473c000e00400010007800e40f5000050032001d
:10474c00a00320000e00400010007800e20f500083
:10475c0009003a000040eb00004f78000041eb00ec
:10476c008e007800a00320000e004000100078009e
:10477c008c0007007c003700a00320000e004000d6
:10478c0010007800ec0f50000e003a00808380007f
:10479c00918380000e02e8000001be000400780046
:1047ac00bb0d07000e00e80042c0b300800078008b
:1047bc00a00320000e0040001000780079000700d4
:1047cc0069003700a00320000e00400010007800a4
:1047dc00e30f50000c003a001080800080407800fd
:1047ec0065004700014878006500470012c0b3001f
:1047fc0080007800a00320000e004000100078001c
:10480c006800070058003700a00320000e0040008d
:10481c0010007800e60f500052003a00a083800090
:10482c00b1838000660247000001be0004007800de
:10483c00970d0700228480003384800066004700b7
:10484c0064004000920d07000284800013848000f5
:10485c0066004700680040008d0d0700a2848000b0
:10486c00b3848000660047006c004000880d070090
:10487c00c2848000d3848000660047007000400032
:10488c00830d0700628480007384800066004700fb
:10489c00740040007e0d07008284800093848000a9
:1048ac006600470078004000790d07008285800083
:1048bc0093858000660047007c004000740d070063
:1048cc002285800033858000660047000002b0001e
:1048dc006f0d0700628580007385800066004700bd
:1048ec004002b0006a0d0700a2858000b3858000ed
:1048fc00660047008002b000650d0700c28380008f
:10490c00d383800066004700c002b000600d070032
:10491c00b8d0bf0080407800600320000e0040003b
:10492c0001487800f10621009140780070032000c6
:10493c000e00400001487800e1062100914078000b
:10494c00800320000e0040000148780066004700fc
:10495c0032c3b30080007800600020001100070013
:10496c00010037000040eb000080fa000000060058
:10497c000400fa008e80e800800878000e80e800c1
:10498c001000780000407800004f780012c0b3008f
:10499c008e00780010002000020007000080fa0052
:1049ac00000006000e00fa00889fbe008a1f7800e7
:1049bc00e8014700800978006a0047000108780088
:1049cc006c004700024878000f0478000f00780054
:1049dc00800478006c004700104078000080fb00d9
:1049ec00680040000001e9008e80e8008208780031
:1049fc000000e8000000e8000000d100800040004a
:104a0c000f007800818747000000e8000000d1000b
:104a1c0000004000e4004700800878006400470074
:104a2c009000780010c0b300804878006400470004
:104a3c001000780021c0b3000000e80001487800a5
:104a4c006800470010007800804078006400470040
:104a5c00100078000080e800014878008089800010
:104a6c00804078006400470010007800630040002c
:104a7c0001487800808980004800de008040780082
:104a8c006400470010007800640040000148780082
:104a9c00640047001000780065004000ec004700ff
:104aac00114878000000eb00000f78000f00370071
:104abc009e00780066804000ea0047009100780074
:104acc009140780064014700120178000000410019
:104adc00014878006a004700100078008000e80068
:104aec006a004700010878001e0fe8006c004700c0
:104afc00104078000080fb009e0f5000ecff3c0043
:104b0c006c004700104078000080fb0066004000fd
:104b1c00e4004700910078000080400031c0b300f1
:104b2c00014878006c004700104078000080fb00c2
:104b3c00670540006c00470010407800674040005b
:104b4c00e4004700110178008040780002007800f2
:104b5c00f40c0700e4004700910078008a804000c4
:104b6c0080487800a4e784006c004700104078006f
:104b7c000080fb0068004000800078006400470063
:104b8c009001780000d0bf000080fb00010178008c
:104b9c0083007800040001000004e00015003200de
:104bac00808980000000e8008089880000000000f7
:104bbc00f0e78400000001000004e000fcff3a0074
:104bcc00e0e78400000001008000780066004700e8
:104bdc000108780066004700100078000000e00033
:104bec0002003a0010c0b300030037000000eb00d5
:104bfc00000f78000040eb008907780088077800e8
:104c0c004f0578004f04be000080fa00000006003b
:104c1c000000fa00a08c80000000e00010003a00b8
:104c2c00ab0107000004e000060032002186800082
:104c3c0010002000010001001000200028000700d7
:104c4c00f4ff370021868000908c80000100010069
:104c5c00007028003139200000190700edff3700e3
:104c6c004900070079010700a08c8000e30f500079
:104c7c0012003200e30f500005003e00e10f50001f
:104c8c0008003200e20f50000a0032001100370019
:104c9c00e40f50000b003200e50f50000b00320007
:104cac000c003700b18f80000040eb0001000100c8
:104cbc000a0037006a00070008003700e700070009
:104ccc0006003700210107000400370038010700f7
:104cdc00020037003601070000000000cdff37004e
:104cec000200fa00000f7800a08c80009e0f50008c
:104cfc0007003200a08c8000170007009e0078008f
:104d0c00a18c88001e007800040007000100370009
:104d1c00000000000080fa00000006000200fa000b
:104d2c00000f78001e007800e20f500003003200e4
:104d3c00e40f500003003200050037002a01070081
:104d4c0003003700a0db8000000001000000000021
:104d5c000080fa00000006000200fa00000f780044
:104d6c001e007800e40f500004003a00b0db800015
:104d7c0000000100000000000100370000000000ee
:104d8c000080fa00000006000000fa0090d1bf007d
:104d9c000080fb004500de00004078000080fb0036
:104dac0061006000004078000004e0002a0032003e
:104dbc00c08f800000000100e08580000000010031
:104dcc000004e0002100320001d0bf000080fb0095
:104ddc00e30f500012003200e30f500005003c00be
:104dec00e10f500008003200e20f500009003200c1
:104dfc0014003700e50f50000c003200e60f500095
:104e0c000d0032000f00370050002000b4ff0700e7
:104e1c000c00370020002000b1ff0700090037000c
:104e2c0030002000aeff07000600370040002000d5
:104e3c00abff07000300370010002000a8ff07009d
:104e4c00000000000040eb007d01070090d1bf0086
:104e5c000054a10090f1b7000080fa000000060099
:104e6c000000fa00889fbe008a9fbe0090d1bf0050
:104e7c000080fb004200de00004078000080fb0058
:104e8c0061006000004078000004e0000400320083
:104e9c00a402070090d1bf000024a10090f1b7003c
:104eac00b18f800010c0b300010001006fd0bf00b3
:104ebc00e14f50000e003a0090d1bf000080fb0083
:104ecc004400de00004078000080fb0061006000c0
:104edc000000e00003003a0090d1bf000044a000a5
:104eec0090f1b70070de8000000001001700370061
:104efc006fd0bf00e24f500014003a0090d1bf00b9
:104f0c000080fb004400de00004078000080fb00c5
:104f1c0061006000004078000004e00007003200ef
:104f2c00208580003185800060858800718588002f
:104f3c0090d1bf000044a10090f1b70082de800048
:104f4c0090828000a1828000020001009301070082
:104f5c0000db880011db8800208280003182800019
:104f6c0020db880031db880060da80000000010063
:104f7c000004e0002d00320060db800071db80005b
:104f8c00a0838800b1838800f08980008000eb004a
:104f9c00adef0700f226210033a8230090f10700a3
:104fac00c0898800d1898800c4898000d589800097
:104fbc00a0898000b18980000001be000400be0001
:104fcc00baef0700a0858800b1858800288580008d
:104fdc0039858000aa858000bb858000a083800075
:104fec00b183800002002000032724009df00700fd
:104ffc000001be000a00be0079f10700020020008b
:10500c00a347240076f107000001be000800be0093
:10501c00afef07002085880031858800c0898000ab
:10502c00d1898000a0898800b1898800b0d2800025
:10503c00000001000004e0000400320060d2800097
:10504c0071d28000c0838800d18388004f05be00d8
:10505c004f04be000080fa00000006000000fa00b9
:10506c00b18f800010c0b30001000100f3858000f7
:10507c000001eb009100200010c0b3000300010000
:10508c000004e0000400320010c0b300ec00070084
:10509c0006d0bf00ecf1b700ecd1bf000080fb00e4
:1050ac00e40f500021003200e50f500022003200c6
:1050bc00e30f500023003a0090d1bf000080fb00aa
:1050cc004200de00004078000080fb0061006000c0
:1050dc00004078000004e0001100320011020700cb
:1050ec00008480001184800062e62900f3532400c0
:1050fc003bf1070082262200830624006bef070099
:10510c0002002000832c240056f0070040db8800ae
:10511c0051db880090d1bf000024a10090f1b700b2
:10512c0060da8000000001000600370090da800091
:10513c000000010003003700a0da8000000001002d
:10514c00000000000080fa00000006000000fa00d9
:10515c00b18f800010c0b30001000100f385800006
:10516c000001eb00d100200010c0b30003000100cf
:10517c000004e0000c00320032d0bf000004e0005c
:10518c000500320092db8000a0818000b18180009c
:10519c00020001000400370082db8000a081800047
:1051ac00b1818000020001000080fa0000000600be
:1051bc000000fa00b18f80000040eb0001000100fc
:1051cc00b0db800000000100070007002186800092
:1051dc00d0082000010001000000eb00c0fe070019
:1051ec000080fa00000006000000fa004031ef00d9
:1051fc003e31ef006000b800a0898800b1898800ba
:10520c006000b800c0898800d18988006000b800af
:10521c0020858800318588006000b8006085880092
:10522c00718588006000b800a0858800b185880071
:10523c0010c0b3006ff0b70090d1bf000044a100c4
:10524c0090f1b7000080fa00000006000000fa00a0
:10525c0090d1bf000080fb004600de0000407800cb
:10526c000080fb0061006000004078000004e0005a
:10527c0015003200a08c8000e20f50000a003200b2
:10528c00e30f50000c003a0060db800071db800003
:10529c00808388009183880001868000c0002000f4
:1052ac00010001000500370001868000600020002d
:1052bc0001000100010037000000000090d1bf0088
:1052cc000064a10090f1b7000080fa000000060015
:1052dc000400fa005217070030868000000001001d
:1052ec00d285800031002000200020000200010047
:1052fc000004e0004e003200a0e984000000010030
:10530c00d1e98400f226210033a82300a0bc22009e
:10531c000100010050da800000000100908c880030
:10532c00908c80000000e00039003a000040eb0057
:10533c00004f7800150037000e00e8001e4878007a
:10534c00148680000e00e80013c0b3000001780042
:10535c0091002000b0002000040001000004e000d7
:10536c00040032000040eb00350007001e4fe8003f
:10537c000600370000092000908c880021868000f0
:10538c00908c800001000100030037001e40780063
:10539c00e64f5000e8ff3600908c80000000e000e3
:1053ac001b003a000040eb00004f7800150037005e
:1053bc000e80e8001e487800148680000e80e800fd
:1053cc0013c0b3000001780081002000a000200071
:1053dc00040001000004e000040032000040eb0077
:1053ec00170007001e4fe8000600370010092000c8
:1053fc00908c880021868000908c80000100010038
:10540c00030037001e407800e74f5000e8ff3600dd
:10541c00a0de800000000100908c80000000e00005
:10542c0003003a0010c0b3000080fa000000060030
:10543c0000602400313c220008170700a8ff370049
:10544c000400fa008e80e80080487800108080000c
:10545c00e80f50001d003200e90f500048003a00e0
:10546c006100210091407800014f78001e407800c7
:10547c00e54f50000d003e0072da8000fc874700bb
:10548c007c805700810021000d0009003118780044
:10549c00c001b1000e80e800904078001e407800fa
:1054ac0002000100fc8757003a0037001e407800cc
:1054bc00e64f500034003a00c21421008100210054
:1054cc000d00090031197800320037000e00e80099
:1054dc004202210012417800024878000e00e800d8
:1054ec0010407800e54f50000b003e0086da80003b
:1054fc0072818000838180005081800061818000f6
:10550c000202be000001be000e00e8001040780050
:10551c00060001001f0037000e00e8001040780064
:10552c00e64f500009003a005081800061818000f4
:10553c00208f8800318f88007081800081818000ed
:10554c00408c8800518c8800120037000e00e80057
:10555c0010407800e74f50000d003a005081800059
:10556c0061818000408f8800518f8800708180009d
:10557c0081818000608c8800718c88000500370068
:10558c00000000000300370000000000010037009d
:10559c00000000000080fa00000006000400fa0081
:1055ac00889fbe006fd0bf00e14f50006d003a00e5
:1055bc00c0818000e10f500055003a00d08180007e
:1055cc00e10f500013003a00e0818000f18180006f
:1055dc0002002000a347240022ef07000004be00b5
:1055ec00f082800001838000020020000327240049
:1055fc001cef07000001be000800be0019ef0700f9
:10560c000082880011828800008280001182800054
:10561c005a003700d0818000e20f500037003a006a
:10562c00f082800001838000020020000327240008
:10563c000cef07000001be000000200001f8230061
:10564c0008ef07005083880061838800e0818000a8
:10565c00f181800002002000a347240001ef070025
:10566c000004be00f0828000018380000001be00b7
:10567c0017ee07000001be000800be00f9ee07009f
:10568c003083880041838800f08980008000eb0023
:10569c00eded0700f226210033a82300d0ef070020
:1056ac00008fbe003083800041838000f2282c00e4
:1056bc0053d72300caef07000004be0050838000bc
:1056cc0061838000b2fd200093042400c4ef070026
:1056dc001e01be00c2ef070027f307000001be0049
:1056ec000800be00beef070000828800118288000f
:1056fc00008280001182800020003700d081800061
:10570c00e30f50001c003a006000b8001b0037008b
:10571c00c0818000e20f500017003a0070828000b8
:10572c0081828000208a8800318a88002084800051
:10573c0031848000408a8800518a8800e0d3290097
:10574c00640040009000780040142100010001002a
:10575c000004e00008003200208c8000318c8000b6
:10576c00060037006fd0bf00e24f500002003a0035
:10577c006000b800010037006000b8004f04be00a4
:10578c000080fa00000006000400fa00881f780070
:10579c00e08980000000e800e0898800008a800031
:1057ac000000e800008a8800108a80000000e800f1
:1057bc00108a8800008a8000f30f50000400360025
:1057cc0090d1bf000064a00090f1b7004031ef0011
:1057dc00118a8000703e2000808f5000040036003b
:1057ec0090d1bf000054a00090f1b7004231ef00ff
:1057fc00e1898000900f2000808f5000040036005b
:10580c0090d1bf000024a00090f1b7003c31ef0014
:10581c00a08c8000e20f50003f003a00f08980001d
:10582c000000e800f0898800f08980008000eb001f
:10583c0085ed0700f226210033a8230068ef07004e
:10584c00008fbe00f08280000183800018c0b3007e
:10585c001e01be003bed07000000e00001003d0012
:10586c000044eb000804e0000300320010c0b30059
:10587c006ff0b70028003700f082800001838000b1
:10588c0018c0b3001e01be002ced07000000e000a4
:10589c00010035000044eb000804e0000d0032006c
:1058ac00d0828000e182800018c0b3001e01be00cf
:1058bc0024ed07000000e00001003d000044eb0077
:1058cc000804e0000300320020c0b3006ff0b70002
:1058dc0011003700d0828000e182800018c0b30034
:1058ec001e01be0015ed07000000e00001003500b0
:1058fc000044eb000804e000070032006ed0bf004b
:10590c000040e8006ef0b7006000b8002085880009
:10591c00318588003e31ef004f0478000080fa009a
:10592c00000006000800fa006000b800640147009f
:10593c000089be0011c0b30010c7b300821107006c
:10594c000004e0004b003200e2d1bf00e40047004d
:10595c000101780080407800e0c6b30026110700f2
:10596c000004e0003a003200640047001000be0062
:10597c00325c2f0083f223004ced0700b27b220037
:10598c003312240016ef0700528d270093d6230004
:10599c0034ee0700008fbe00e2d1bf000080fb0098
:1059ac00e20f500015003200e20f500003003c00e3
:1059bc00e10f50000400320022003700e30f5000ca
:1059cc001b0032001f003700208f8000318f8000b9
:1059dc001e01be0002ef07000002be00408c8000da
:1059ec00518c80000001be000400be0038ed0700a1
:1059fc00208488003184880012003700408f80009a
:105a0c00518f80001e01be00f5ee07000002be00a3
:105a1c00608c8000718c80000001be000400be0010
:105a2c002bed070040848800518488000500370066
:105a3c00640047001000be000084880011848800b8
:105a4c0000000000e2d1bf000040e800e2f1b70026
:105a5c00e2d1bf00e44f50000200360010c0b3008a
:105a6c00e2f1b700e2d1bf0080407800e0c6b3009d
:105a7c00951007000080fa00000006000000fa00f4
:105a8c0041012000203c2100780907004101200041
:105a9c004049210075090700a10020006056210033
:105aac0072090700a1002000806321006f09070024
:105abc0041012000007f21006c0907000400200038
:105acc000512240002002000a3322400c07d210016
:105adc001c0a07000000200001f82300e08c88005d
:105aec00f18c88006000b800008d8800118d880052
:105afc000000200001f82300208d8800318d8800e3
:105b0c006000b800408d8800518d88000000200096
:105b1c0001f82300608d8800718d88006000b8004a
:105b2c00808d8800918d88000000200001f82300f2
:105b3c00a08d8800b18d88006000b800c08d8800f1
:105b4c00d18d88000000200001f82300e08d880032
:105b5c00f18d88006000b800008e8800118e8800de
:105b6c000000200001f82300208e8800318e880070
:105b7c006000b800408e8800518e8800040ea90089
:105b8c00216ea900214ea900006c2c00d10220002e
:105b9c0032150700040ea800216ea800214ea800a3
:105bac00006c2c00d10220002c15070080d0800046
:105bbc00000001000004a2000004e000020032001a
:105bcc00000820002f00370090d180000000010059
:105bdc000004a2000004e0000200320010082000c3
:105bec002800370070e5840000000100c1e5840046
:105bfc000000eb000100010090e5840000000100b2
:105c0c00d0e684000000010021e784000000eb00d6
:105c1c0001000100f0e684000000010070e4840043
:105c2c000000010090e484000000010060e58400a5
:105c3c009000780060eb22000100010041588000c8
:105c4c0000fc2f00008060000020a000405888005d
:105c5c0010c0b300dff1b700e0d3290010007800ca
:105c6c000000010050e984000000010081e984007b
:105c7c0072712b0013852300c0e422000100010087
:105c8c000000eb000080fa00000006000000fa00a3
:105c9c00881f7800dfd1bf000004e0001200320042
:105cac00df71ef0041588000f0032000008060009d
:105cbc00e30f500006003a004158800000fc2f0012
:105ccc00008060000020a0004058880005003700cc
:105cdc004158800000fc2f00008060003000b300b1
:105cec0040588800090ba800c08c8000d18c800023
:105cfc0072712b001385230075ec0700c08c880093
:105d0c00d18c8800c08c8000d18c800018c0b3006e
:105d1c00a2702d0033ba23000aec07000000e0004b
:105d2c0001003d000044eb000804e00002003200da
:105d3c0010c0b30096f1b700d08e8000e18e8000c9
:105d4c0072712b001385230061ec0700d08e880044
:105d5c00e18e88004f0478000080fa0000000600f5
:105d6c001a00fa0076014700000978007800470015
:105d7c000108780078004700100078008000eb00e4
:105d8c0031ec0700523723007370230014ee070028
:105d9c00680147000089be0068004700d2cc2c0087
:105dac00c3dc23001000be002eed0700924a2a002f
:105dbc0063f823000aee07006011b80044ec0700fa
:105dcc006c0147000089be006c00470002002000f7
:105ddc00a34724001000be0001ee0700dbeb070018
:105dec0000007800cf80de0014ec070002002000d9
:105dfc00a34724001bed0700700147000089be007b
:105e0c008040eb00660047000148780076004700b0
:105e1c00100078000000e0000c003a00a0b2210055
:105e2c00000f7800a12221000e80e8000108780004
:105e3c00213c2100640047000108780011c0b30028
:105e4c0066004700014878000f00370076004700d5
:105e5c0010007800e10f500059003a0000b2210008
:105e6c00000f7800e12621000e80e8000108780080
:105e7c004149210064004700010878008040eb0094
:105e8c006600470001487800700047001001be0012
:105e9c006400470010007800a60807001e01780077
:105eac000281e8000089be001e00780066004000f8
:105ebc001000be000e81e800120178000089be00bf
:105ecc001e0078000080e8001000be000e81e80083
:105edc0012017800640141000089be0080908000ae
:105eec00e10f50000a003a006600470010407800ad
:105efc000004a2000004e000050032001e0078003f
:105f0c000080e8001000be0060db880071db8800b8
:105f1c00809080000000e00009003a006600470015
:105f2c00104078000004e000050032001e007800ec
:105f3c000080e8001000be0060db880071db880088
:105f4c00e0d1bf000004a2000004e0001900320000
:105f5c00e0d3290064004000900078000e80e80037
:105f6c0010007800010001000004e0001100320074
:105f7c000e80e800100078000004b0001000be0095
:105f8c0002f02300c371240095ed07006feb0700ae
:105f9c0074014700000978001e007800100078009a
:105fac006a004000900078007400470010007800f0
:105fbc000100010010c0b300dff1b7000100370091
:105fcc00000000000080fa00000006000000fa004b
:105fdc0096d1bf000004e000390032000ed2bf00a1
:105fec00e14f500018003a0042e984000ed2bf0085
:105ffc0061b32100020001000004e000290032001e
:10600c00b4d98000c5d98000a08d8000b18d8000ee
:10601c000001be000400be0071ed07000002be00ce
:10602c00c08d8000d18d80000001be000400be0038
:10603c00a7eb0700b0d98800c1d9880020c0b300f5
:10604c000ef2b7001700370042e984000ed2bf00f1
:10605c00a1b32100020001000004e0001100320095
:10606c00d4d98000e5d98000e08d8000f18d8000ce
:10607c000001be000400be0059ed07000002be0086
:10608c00008e8000118e80000001be000400be0056
:10609c008feb0700d0d98800e1d9880010c0b3007d
:1060ac000ef2b70031e984000ed2bf0001000100ee
:1060bc006000b800c08c8800d18c88009671ef000d
:1060cc000080fa00000006000000fa00889fbe0065
:1060dc0020db800031db80000001be0000002000ce
:1060ec0001f8230071eb07000002be0000db80000a
:1060fc0011db80000001be000400be0038ed07007b
:10610c00a2ef2700a3f4230056ec0700c0da8800a6
:10611c00d1da880024db800035db800000db8000d6
:10612c0011db80000001be000400be002ced070056
:10613c000004be00c0da8000d1da80009241200059
:10614c0063e5230026ed07000001be000800be0039
:10615c0056eb0700e0da8800f1da8800a7000700a8
:10616c0060db880071db880068db800079db8000f5
:10617c00b40007000001be000800be0054eb07008d
:10618c0060db880071db880010c0b3004f04be00d8
:10619c000080fa00000006001000fa00000f7800e2
:1061ac000e80e80001087800640047000288be00f9
:1061bc0068004700040878006a004700050878006a
:1061cc006c004700060878006e004700070878004e
:1061dc001e0078000002b0001000780000000100e2
:1061ec000004a2000004e0000d003200e0d32900fe
:1061fc0066004000100178006800470090007800ad
:10620c00400420008088b90080007800a022210082
:10621c0000804000020001006000b80075003700eb
:10622c001e007800760040001000be00640147009c
:10623c001201be0026eb07000e81e8001201780067
:10624c000089be006a005700100078001000be00e4
:10625c006011b800b9ea07000000e0000f003a0036
:10626c006e00470010007800104078000004a20077
:10627c000004e00017003200a10020006800570065
:10628c0010007800790707006e0047009000780036
:10629c0010c0b300804878000e0037000e80e80074
:1062ac00100078001000be000001be00680057000e
:1062bc00100078009f0707000e81e800120178009b
:1062cc000089be006e004700900078000040eb0093
:1062dc0080487800819080006a00470010007800a8
:1062ec00808f500005003a000e80e8001000780006
:1062fc001000be0060db880071db88006a0057006c
:10630c00100078001000be00680147009201780070
:10631c00420420008299b90082017800a222210057
:10632c00028141000089be000e80e8001000780058
:10633c001000be0068014700920178004204200062
:10634c008299b90082017800e22221000281410089
:10635c000089be00e0d329006400400010017800e1
:10636c006800470090007800400420008088b90045
:10637c0080007800a0222100008040000200010073
:10638c000004e0000d003200680047009000780027
:10639c00400420008088b900010420008080400067
:1063ac00a0222100008040001000be006c014700bc
:1063bc00120178000089be000b003700e0d32900e1
:1063cc0066004000100178006800470090007800db
:1063dc00400420008088b90080007800a0222100b1
:1063ec0000804000020001000e80e80010007800e0
:1063fc001000be000080fa00000006000000fa0049
:10640c00008d8000118d800082b52100821f7800e4
:10641c0062562100821f7800871d210066b2210080
:10642c0045002000440020000001be00e1b3210023
:10643c0040a1210058ff0700e48757000080fa00b4
:10644c00000006000000fa00408d8000518d800095
:10645c00c2b52100821f780082632100821f780060
:10646c00971d210006b32100550020005400200088
:10647c000001be0021b42100209f210046ff07002f
:10648c00e48757000080fa00000006000200fa00c2
:10649c00004f78000e00e800014878009e80fb0059
:1064ac00400420008088b90080007800202321005f
:1064bc0000804000e1fd2f00810047000d00090025
:1064cc0031187800c001b1000e00e80010407800cf
:1064dc000004e0003e0032001e80fb00809088002b
:1064ec001e4078000004e00005003a006a005700e6
:1064fc001000be0080d9880091d988003400370084
:10650c001e407800e14f500005003a006a00570029
:10651c001000be0030d9880041d988002c0037000b
:10652c001e407800e24f500005003a006a00570008
:10653c001000be0000db880011db8800240037004f
:10654c001e407800e34f500012003a009e80fb0082
:10655c00400420008088b900e8004000a0222100ff
:10656c00008040001000be0020db880031db88007a
:10657c006000b800d08e8800e18e8800de71ef00dc
:10658c006a0057001000be0000db880011db880099
:10659c000f0037001e407800e44f500005003a0011
:1065ac006a0057001000be00c0da8800d1da8800fb
:1065bc00070037001e407800e54f500004003a00f9
:1065cc006a0057001000be00e0da8800f1da88009b
:1065dc000080fa00000006000a00fa00004f780064
:1065ec000e80e8000288be00660047000488be00ea
:1065fc001e4078000004e00009003a000e80e8001c
:10660c001001be00228d8800338d88006600470083
:10661c001001be00428d8800538d88003b0037006e
:10662c001e407800e14f500009003a000e80e8004f
:10663c001001be00e28c8800f38c880066004700d5
:10664c001001be00028d8800138d88002f003700ca
:10665c001e407800e24f500009003a000e80e8001e
:10666c001001be00628d8800738d880066004700a3
:10667c001001be00828d8800938d880023003700a6
:10668c001e407800e34f500009003a000e80e800ed
:10669c001001be00a28d8800b38d880066004700f3
:1066ac001001be00c28d8800d38d88001700370002
:1066bc001e407800e44f500009003a000e80e800bc
:1066cc001001be00e28d8800f38d88006600470043
:1066dc001001be00028e8800138e88000b0037005c
:1066ec001e407800e54f500008003a000e80e8008c
:1066fc001001be00228e8800338e88006600470091
:10670c001001be00428e8800538e88000080fa0073
:10671c00000006000400fa00008fbe001e01be003f
:10672c0000b22100090007000080fa0000000600fa
:10673c000400fa00008fbe001e01be00a0b22100b2
:10674c00020007000080fa00000006000800fa00b2
:10675c00881f78008e80e80080087800640047006d
:10676c000288be0010c0b300e0f1b70018c0b3003f
:10677c00640047006011b8001000be006fe907000c
:10678c000000e000010035000044eb000804e000cc
:10679c00030032006000b800640147000089be00ad
:1067ac0018c0b300640047000200200003f8230067
:1067bc001000be0063e907000000e00001003c008f
:1067cc000044eb000804e00004003200000020004c
:1067dc0001f82300640147000089be0064004700f3
:1067ec0002f02300c37124001000be007ceb0700f4
:1067fc0056e90700000f78000e80e80010007800c2
:10680c00100078006a004000900078001e007800ac
:10681c00010001004f0478000080fa00000006001f
:10682c000000fa0010c0b300e0f1b7000080fa00dd
:10683c00000006000000fa00e071ef000080fa0092
:10684c00000006000600fa000e81e800000978003e
:10685c00640047000148780064004700104078004d
:10686c000004e000020032000040eb0001003700a1
:10687c0010c0b300004f78000e80e8009000780044
:10688c00f0072000808f500010003e000e80e800c2
:10689c0010007800004078000040400080407800f4
:1068ac001e40780080c0700050bc21000148780068
:1068bc00b0bc2100e400470011487800a0bc2100c6
:1068cc008040eb0001487800160037000e80e8008d
:1068dc00100078004700de0000407800e6406000c1
:1068ec001e40780080c0700000cfb30080c07000e4
:1068fc0040bc2100014878000e80e80010007800b0
:10690c008040780050bc210001487800a0bc2100d8
:10691c0011c0b30001487800b0bc2100e40047006e
:10692c00114878000080fa00000006000000fa0010
:10693c002110800000082000008060000000e000b2
:10694c000100320004e2a9000080fa0000000600f9
:10695c000000fa002110800000042000008060007c
:10696c000000e0000100320004c2a9000080fa001f
:10697c00000006000000fa002110800000402000fa
:10698c00008060000000e000010032000542a90018
:10699c000080fa00000006000000fa00f0dd800024
:1069ac008000eb009200200003002000820f5000ba
:1069bc00838f5800e2003e000006010009003700fa
:1069cc0008003700470037002c003700190037004b
:1069dc009900370052003700a6003700c30037007b
:1069ec00c600370000de80000000e00006003a0020
:1069fc0010de80000000e000d3003200e0dd8000fb
:106a0c000000e000d2003a00a0bc21001040780049
:106a1c000004e0000300320040002000f0dd88009c
:106a2c000200370020002000f0dd88000002a800e2
:106a3c00ce00370020108000610060000000e000f4
:106a4c00c5003a0040bc2100104078000080fb00db
:106a5c00a0108800b0bc2100104078000004e000b9
:106a6c000300320030002000f0dd8800bf0037004a
:106a7c0050002000f0dd8800bc00370021108000a1
:106a8c0000002800008060000000e0000f003a00c9
:106a9c0050bc2100104078000080fb00a010880042
:106aac00b0bc2100104078000004a2000004e000fb
:106abc000300320050002000f0dd8800ab003700ee
:106acc0060002000f0dd8800a80037000042a8001c
:106adc0010002000e0dd880090002000f0dd880030
:106aec00a200370050bc2100104078000080fb0051
:106afc00a0108800b0bc2100104078000004a20057
:106b0c000004e0000300320050002000f0dd88009b
:106b1c009600370060002000f0dd880093003700fd
:106b2c002110800000002800008060000000e000c0
:106b3c003b003a0000de80000000e0001200320052
:106b4c0020108000610060000000e00084003a002a
:106b5c0030de80000000e0000700320030de8000f4
:106b6c00104078000080fb00a010880030de800010
:106b7c000000e80030de880000de80000000e90044
:106b8c0000de88007900370010de80000000e00095
:106b9c001d0032000022a800a0bc2100104078008b
:106bac000004e0000c00320040bc210010407800d2
:106bbc00804078000104a00040bc2100014878000e
:106bcc00b0bc21008040eb00014878004000200060
:106bdc00f0dd88006500370050bc210010407800c3
:106bec00804078000104a00050bc210001487800ce
:106bfc00b0bc21008040eb00014878002000200050
:106c0c00f0dd8800590037000042a80090002000f9
:106c1c00f0dd88000000eb00e0dd88005300370059
:106c2c000042a80010002000e0dd88009000200049
:106c3c00f0dd88004d003700211080000000280096
:106c4c00008060000000e00004003a000062a80030
:106c5c0070002000f0dd8800440037000042a800de
:106c6c0010002000e0dd880090002000f0dd88009e
:106c7c003e00370020108000620060000000e00041
:106c8c003900320040de80000000e00007003200d6
:106c9c0041de8000c0108000004078008048780001
:106cac0040de80000000e80040de880010de80003e
:106cbc000000e90010de880010de80000000e0001b
:106ccc000500320000a2a9000082a800800020006c
:106cdc00f0dd88002500370000a2a8000082a80083
:106cec0090002000f0dd8800200037000062a80032
:106cfc0070002000f0dd88001c00370020108000a0
:106d0c00640060000000e0000500320020108000ec
:106d1c00700060000000e00001003a000042a80092
:106d2c00a09080000000e00002003200a0908000e3
:106d3c00000001000000eb00f0dd88000b003700c4
:106d4c0000000000090037000000000007003700b9
:106d5c0000000000050037000000000003003700b1
:106d6c000000000001003700000000000080fa0065
:106d7c00000006000000fa000228a9002228a80042
:106d8c000808a9002808a8000080fa0000000600e6
:106d9c000000fa0044000700300007002009200022
:106dac008010880000202800001088000422ef00ca
:106dbc00a0a023008b0107000000eb00f0dd880091
:106dcc000000eb00e0dd8800eaff0700a0908000e7
:106ddc000000e00002003a0040712300810107002e
:106dec00a0e9840000000100d1e98400f226210012
:106dfc0033a8230080702300010001000080fa00fa
:106e0c00000006000000fa00909080000000e800ee
:106e1c00909088000080fa00000006000200fa0042
:106e2c002b010700000f78001e007800e20f5000c5
:106e3c00030032001e007800e30f500005003a00fa
:106e4c001900070005000700d1ff07001e0078009d
:106e5c00250107000080fa00000006000000fa007f
:106e6c001f0ea9001f2ea80008003700230ea90032
:106e7c00802520000100200078100700230ea800b8
:106e8c008025200001002000741007000171800093
:106e9c0000202000008060000000e000f3ff3200c2
:106eac000080fa00000006000000fa0001e2a900d0
:106ebc000228a9002228a9000808a9002808a9006e
:106ecc001022ef0000002100001088000422ef00c7
:106edc000080fa00000006000800fa008e81e8002d
:106eec0080097800640047000108780066004700bc
:106efc000208780010c0b300004f7800f0dd80006d
:106f0c000000e00020003a00640047001000780008
:106f1c000000e0001c003200660047001000780002
:106f2c000000e000180032000e80e80090007800ad
:106f3c00f03f2000808f500013003e0011c0b300c2
:106f4c000e80e800100078003efe07006400470049
:106f5c009000780031de88006600470090007800d1
:106f6c0001de88000000eb0040de88000000eb0032
:106f7c0010de88006dfe07007efe07001232ef0067
:106f8c000228a800020037000040eb00004f7800f8
:106f9c001e4078000080fa00000006000800fa008d
:106fac008e81e800800978006400470001087800b1
:106fbc00660047000208780010c0b300004f78004c
:106fcc00f0dd80000000e00021003a006400470082
:106fdc00100078000000e0001d0032006600470041
:106fec00100078000000e000190032000e80e8006c
:106ffc0090007800f03f2000808f500014003e007d
:10700c008040eb000e80e800100078000dfe0700b9
:10701c00640047009000780041de8800660047005d
:10702c009000780011de88000000eb0030de880054
:10703c000000eb0000de88003cfe070044fe070069
:10704c004cfe07001232ef000228a80002003700a5
:10705c000040eb00004f78001e4078000080fa00e2
:10706c00000006000c00fa008e82e800800a78000e
:10707c0064004700010878006600470002087800a9
:10708c0068004700030878006a004700040878008d
:10709c0010c0b300004f7800f0dd80000000e0006d
:1070ac0029003a0064004700100078000000e0005e
:1070bc002500320066004700100078000000e00058
:1070cc002100320068004700100078000000e0004a
:1070dc001d0032006a004700100078000000e0003c
:1070ec00190032000e80e80090007800f03f20007c
:1070fc00808f500014003e0011c0b3000e80e800d9
:10710c0010007800cffd0700640047009000780065
:10711c0031de8800660047009000780001de8800b0
:10712c00680047009000780041de88006a00470044
:10713c009000780011de8800fcfd07001232ef0091
:10714c000228a800020037000040eb00004f780036
:10715c001e4078000080fa00000006000e00fa00c5
:10716c00889fbe00e8004700800878006a0047004e
:10717c000288be000040eb00004f78006a00470018
:10718c001000be00e00f5000e08f580003003200ea
:10719c006a0047001000be00020037000070280093
:1071ac00313920000e81e8000089be0068004700dc
:1071bc00100078001001be00f069280011002000ba
:1071cc00800f5100818f59003d0036006800470048
:1071dc00100078001001be0000242400f1002000f3
:1071ec00800f5100818f590035003e006800470028
:1071fc00100078000000e000310032000e80e80042
:10720c001000be0010e7070002002000030024005d
:10721c0014e807000004be00680047001000780066
:10722c001000be0008e707000001be0000002000af
:10723c0001f823000be8070012622900b340230079
:10724c001ae707000001be000800be00e4e80700d2
:10725c00020020000300240014e70700dce607000e
:10726c0066014700000978006600470010007800ae
:10727c00e30f50001200360001e2a900660047003f
:10728c00900078008110880068004700100078009a
:10729c001001be0000a8210061002000800f5100e9
:1072ac00818f590002003a000122a800010037002a
:1072bc000122a90001e2a80010c0b300004f780021
:1072cc001e4078004f04be000080fa00000006004b
:1072dc000200fa00e1dd8000010f78001e0078004a
:1072ec000080fa00000006000200fa00000f78008f
:1072fc009e007800e1dd88000080fa0000000600a6
:10730c000200fa00e1dd8000010f78000000eb00c4
:10731c00e0dd88001e0078000080fa000000060006
:10732c000200fa000040eb00004f7800f0dd800016
:10733c000000e0000d003a00001080007f006000ab
:10734c000000e00009003a00201080006800600096
:10735c000000e00005003a0021108000000024002d
:10736c00008060000000e0000200320010c0b3009a
:10737c00004f78001e4078000004e0001600320038
:10738c0090908000f90f5000130036000000eb00c5
:10739c0030de88000000eb0040de88000000eb00cf
:1073ac0000de88000000eb0010de88000000eb001f
:1073bc00f0dd880030002000e0dd8800a090800027
:1073cc000000e00002003200a090800000000100ec
:1073dc000040eb00004f78001e4078000080fa005f
:1073ec00000006000200fa00000f78001e00780072
:1073fc000000e000020032009e007800a19088009e
:10740c000080fa00000006000000fa000080fa007c
:10741c00000006000400fa008e80e8008008780066
:10742c000e80e800100178006000b8007601410081
:10743c000089be000e80e800100178006000b800e2
:10744c00720141000089be000001eb008e00780043
:10745c00e01a23004c0107000004e0001a0032007f
:10746c001e4078000080fb008000eb004809dd0026
:10747c00c801de00830171004801dd000e00e80048
:10748c00104078000080fb008000eb0000007100d1
:10749c0081807100c000dd00000020000e81e8003a
:1074ac00120178000281e8000089be000001eb00a7
:1074bc008e007800f01a2300330107000004e0006e
:1074cc0003003a00200037000040eb007200370048
:1074dc000e80e800100078000080e8001001be006b
:1074ec001e4078000080fb008000eb00480add00a5
:1074fc00c802de00850272004802dd000e00e800c2
:10750c00104078000080fb008000eb00000072004f
:10751c008180720000007100818071000e81e80092
:10752c00120178000281e8000089be000001eb0026
:10753c008e007800e00d2300130107000004e0002a
:10754c0003003a00160037000040eb0052003700f1
:10755c001e4078000080fb00c800dd000e00e80033
:10756c00104078000080fb00010070008000eb00f0
:10757c0035e607000e81e800120178006a0141002f
:10758c000089be000001eb008e007800f00d230096
:10759c00fd0007000004e00003003a00160037006d
:1075ac000040eb003c0037001e4078000080fb00e0
:1075bc00c800dd000e00e800104078000080fb00e1
:1075cc00010070008000eb001fe607000e81e80050
:1075dc0012017800660141000089be000001eb0039
:1075ec008e007800c01a2300e70007000004e000ba
:1075fc0003003a00140037000040eb00260037006f
:10760c001e4078000080fb00c800dd000e00e80082
:10761c00104078000080fb00810070000e80e800b4
:10762c001000780070004000010878000001eb00a9
:10763c008e007800d01a2300d30007000004e0006d
:10764c0003003a00130037000040eb001200370033
:10765c001e4078000080fb00c800dd000e00e80032
:10766c00104078000080fb00810070000e80e80064
:10767c00100078006e004000010878001100200016
:10768c000e80e800100078000e00070010c0b30058
:10769c00010037000040eb000080fa0000000600fb
:1076ac000200fa00000f78001e0078000000e000d5
:1076bc00020032000000eb00000f78000080fa009e
:1076cc00000006000600fa000e81e80000097800b0
:1076dc0064004700010878000e80e8001000780074
:1076ec007a004000e4004700110878000e80e800a2
:1076fc00100078007a004000100078000000e000d4
:10770c0003003200e10f5000040032000600370085
:10771c0010002100000f780003003700000021004a
:10772c00000f7800000000001e0078003f000700ea
:10773c000004e00005003200006c2c00d102200097
:10774c00460e070010c0b300010037000040eb00ec
:10775c000080fa00000006000600fa00e400470072
:10776c008008780064004700100078000000e000fa
:10777c002b00320064004700100078007a004000b3
:10778c0010007800e10f500025003a000e80e80050
:10779c00440007000004e000210032000e80e800e5
:1077ac00104078000080fb00c800dd00630047003b
:1077bc00104078000080fb00008f70001e007800e5
:1077cc008000eb00a0e507000002be00640047004b
:1077dc0010007800660040001000be000001be00e2
:1077ec000400be00b1e507000002be0064004700c3
:1077fc00100078006a0040001000be000001be00be
:10780c000400be0097e607006401470012017800ef
:10781c00760141000089be0010c0b30001003700a2
:10782c000040eb000080fa00000006000400fa00a3
:10783c008e80e800800878000e80e8001000780048
:10784c004800de0000407800004f78000e80e80011
:10785c0010007800804078000e00e80001487800a5
:10786c00a3e78400220020008e0078000004200092
:10787c00030001000004e0000700320000000000db
:10788c00f0e78400000001000004e000fcff3a0077
:10789c0010c0b300010037000040eb000080fa007c
:1078ac00000006000800fa00e60047008008780097
:1078bc008040eb000e80e800014878008040eb002f
:1078cc0063004700014878008040eb0064004700eb
:1078dc0001487800e0e7840000000100000f780008
:1078ec001e0078000000e00024003a00b3e784009a
:1078fc000e80e80032002000800078000004200098
:10790c00030001000004e0001c0032000000000035
:10791c00f0e78400000001000004e000fcff3a00e6
:10792c00e0e7840000000100000f78001e007800e2
:10793c000000e00011003a000e80e8006e00070025
:10794c000004e0000d0032000e80e80010407800ca
:10795c00e6004700910078008048780066004700f8
:10796c00100078000000e800e30047009140780028
:10797c000148780010c0b300010037000040eb0054
:10798c000080fa00000006000e00fa00e801470033
:10799c00800978006a004700010878006c004700f5
:1079ac000208780068004700100078004800de00ec
:1079bc00804078000e80e80001487800680047009d
:1079cc001000780080407800630047000148780080
:1079dc00a3e784000e80e8002200200080007800dd
:1079ec0000042000030001000004e0003f0032000e
:1079fc0000000000f0e78400000001000004e0003b
:107a0c00fcff3a00e0e78400000001000000e00009
:107a1c0036003a006c004700100078000000e000cf
:107a2c000e0032006c004700100078008000eb0064
:107a3c006011b80004382c00951c20006033b8008d
:107a4c0002ea0700843e2000050020006033b800e5
:107a5c0095e907000000be00800d0700b3e7840025
:107a6c0064004700320020008000780000042000f1
:107a7c00030001000004e0001c00320000000000c4
:107a8c00f0e78400000001000004e000fcff3a0075
:107a9c00e0e7840000000100000f78001e00780071
:107aac000000e00011003a006400470012000700db
:107abc000004e0000d003200640047001040780024
:107acc00ea00470091007800804878006a0047007f
:107adc00100078000000e800e500470091407800b5
:107aec000148780010c0b300010037000040eb00e3
:107afc000080fa00000006000400fa008e80e80006
:107b0c00800878000e80e800100078000080e80003
:107b1c00104f78000e80e800100078000b00070072
:107b2c008e00e800804878000e00e80010407800d5
:107b3c001e4068000080fb000000e9004f00de00e2
:107b4c00004078000080fa00000006000600fa00f1
:107b5c00e4004700800878000040eb00004f7800fc
:107b6c008000eb000e80e80001087800260037004a
:107b7c0064004700900078000e80e8001000780048
:107b8c0000804000104078001e4f680081c0b30098
:107b9c000e00e80001487800120037001e40780003
:107bac000004e00007003d001e80fb0000004000c8
:107bbc008040780010c3b30000c06800004f78000c
:107bcc00030037001e40780000404000004f780052
:107bdc000e00e800104078008040e9000e00e8003c
:107bec00014878000e00e800104078000004e00026
:107bfc00eaff3a000e80e800100078008000e800f0
:107c0c000e80e800010878000e80e8001000780073
:107c1c00e10f5000d6ff36001e4078000080fa00bd
:107c2c00000006000000fa0011c0b30000c7b3004a
:107c3c00c50807000004e0000600320040a1210046
:107c4c00f4fd07000004e0000200320010002000e8
:107c5c00010037000000eb00004078000080fa00c3
:107c6c00000006000000fa0021c0b30000c7b300fa
:107c7c00b50807000004e00006003200209f210038
:107c8c00e4fd07000004e0000200320010002000b8
:107c9c00010037000000eb00004078000080fa0083
:107cac00000006000000fa0011c0b30010c7b300ba
:107cbc00a50807000004e0000600320060a32100c4
:107ccc00d4fd07000004e000020032001000200088
:107cdc00010037000000eb00004078000080fa0043
:107cec00000006000000fa0011c0b30000c7b3008a
:107cfc00950807000004e0000600320040a12100b6
:107d0c0095fe07000004e000020032001000200085
:107d1c00010037000000eb00004078000080fa0002
:107d2c00000006000000fa0021c0b30000c7b30039
:107d3c00850807000004e00006003200209f2100a7
:107d4c0085fe07000004e000020032001000200055
:107d5c00010037000000eb00004078000080fa00c2
:107d6c00000006000000fa0011c0b30010c7b300f9
:107d7c00750807000004e0000c00320060a321002d
:107d8c0075fe070090d28000e10f500005003a000c
:107d9c0060d2800071d2800001f0a20060d2880015
:107dac0071d2880010c0b300010037000040eb0016
:107dbc000080fa00000006000a00fa006601470085
:107dcc000009780068004700010878006600470049
:107ddc00100f78006000b8000e81e8000089be002a
:107dec00680047001000780010007800e4004000a4
:107dfc006800470010007800010878001e00780029
:107e0c00104078000080fb008000eb00c801dd0012
:107e1c00020020001e00e800104078000080fb00eb
:107e2c008000eb00c000dd000000200000017100ac
:107e3c00818171001e80e800104078000082fb00f8
:107e4c008002eb004828dd00c820de0081007000b5
:107e5c004820dd0000017100818171009e007800d6
:107e6c0063804000104078000080fb008000eb0035
:107e7c0000007100818071000e81e8000089be0055
:107e8c000e80e8001000be000080fa000000060022
:107e9c000a00fa00e40047008008780066004700fa
:107eac000288be0064004700100f7800e60047000f
:107ebc000e80e800010878000e80e80010007800c1
:107ecc0063004000104078009e00780080487800e5
:107edc001e00e8008e80e800910078008180e800a8
:107eec0091407800014878001e80e8008e80e80000
:107efc00910078008100e8009140780001487800fa
:107f0c009e007800638040008e80e800910078002d
:107f1c009140780001487800400020000080fa0071
:107f2c00000006000800fa00640147000009780010
:107f3c0066004700014878000040eb00004f7800d5
:107f4c008000eb000e80e800010878002600370066
:107f5c0064004700900078000e80e8001000780064
:107f6c0000804000104078001e4f680081c0b300b4
:107f7c000e00e80001487800120037001e4078001f
:107f8c000004e00007003d001e80fb0000004000e4
:107f9c008040780010c3b30000c06800004f780028
:107fac00030037001e40780000404000004f78006e
:107fbc000e00e800104078008040e9000e00e80058
:107fcc00014878000e00e800104078000004e00042
:107fdc00eaff3a000e80e800100078008000e8000c
:107fec000e80e80001087800660047001040780019
:107ffc000080fb008e80e80091007800810f50001b
:10800c00d3ff3e001e4078000080fa0000000600fe
:10801c000800fa008e81e80080497800640047006f
:10802c0001087800660047000248780066004700a7
:10803c00904078006400470010007800b9ff0700fa
:10804c00004f78000e80e800104078009e407800c9
:10805c0080cf500002003a0010c0b300010037007e
:10806c000040eb000080fa00000006000600fa0059
:10807c000e81e800000978006400470001087800d0
:10808c00640047009000780020032000808f50008f
:10809c0025003c000e80e80010007800c00cb000f9
:1080ac00e4004700110878000000eb00000f780096
:1080bc00080037000e80e800900078001e00780061
:1080cc004200dd00008140006000b8000089be0065
:1080dc001e0fe80064004700100078009e00780036
:1080ec00808f5000f3ff35000e80e80010017800ff
:1080fc006000b800820cb0000089be000e80e80061
:10810c00100078008000eb00e00cb0000108780053
:10811c000e80e800100078008040eb00000db000ed
:10812c000148780001003700000000000080fa00d0
:10813c00000006000c00fa00889fbe00e600470015
:10814c0080087800680047000288be00660047007f
:10815c0010007800000db000104078000004a20060
:10816c000004e000270032000000eb00000f780054
:10817c000900370066004700900078001e00780068
:10818c004200dd0000804000e80047003118780014
:10819c00211078001e0fe8006600470010007800e0
:1081ac00c00cb000100078009e0f5000f1ff3c0096
:1081bc006600470010007800c00cb000100078007a
:1081cc00cf80de001de30700680147001201be00ee
:1081dc0003e507006601470012017800820cb0002d
:1081ec000089be00660047001000780011c0b30083
:1081fc00000db00001487800680047001000be0078
:10820c004d0037006600470010007800800cb0006d
:10821c001002be006600470010007800e00cb000b1
:10822c001001780066004700900078004210dd00d5
:10823c00008040001000be000001be000400be0023
:10824c001ae307006601470012017800820cb000a7
:10825c000089be006600470010007800e00cb000fa
:10826c001001780066004700900078004210dd0095
:10827c0000804000e8004700311878002110780099
:10828c006600470010007800800cb0001000be00a3
:10829c00680147001201be000de3070066014700ac
:1082ac0012017800820cb0000089be006600470005
:1082bc0010007800800cb0001004be00660047006f
:1082cc0010007800c00cb00010007800cf80de00e9
:1082dc00dae207000001be000800be00e1e307007f
:1082ec000e81e8000089be0066004700100078008f
:1082fc00e00cb000100078000000e800e600470039
:10830c0091007800c10cb000910078000101780058
:10831c00050009000200d8008000fd0080007800f4
:10832c006600470010007800e00cb00001087800ef
:10833c000e80e8001000be004f04be000080fa0062
:10834c00000006001200fa00e800470080087800e0
:10835c006a0047000288be006e0047000488be0019
:10836c006e004700b2fd2000930c24001000be00ec
:10837c009be40700008fbe006a0047001e01be0090
:10838c001000be00d2e207000001be001e00be00bd
:10839c00b4e30700640147000089be006800470091
:1083ac009000780064004700b0187800a0107800a6
:1083bc00680047001000780064004000e4004700ab
:1083cc003118780021107800640047001001be00bd
:1083dc000000200001f82300b4e207006801470008
:1083ec0012017800680141000089be006800470056
:1083fc00100178006000b8006c0141000089be00db
:10840c0068004700100178006000b800700141005e
:10841c000089be000080fa00000006000a00fa0085
:10842c00889fbe00e4004700800878006600470083
:10843c000288be0064004700100078001000be00e7
:10844c00660147001201be0065e407000004be008f
:10845c006400470010007800640040001002be0069
:10846c0064004700100078006c0040001000be0053
:10847c000001be000400be0059e407000001be006c
:10848c000800be0092e207000004be006400470032
:10849c0010007800680040001002be006400470025
:1084ac0010007800700040001000be000001be00fb
:1084bc000400be004ae407000001be000800be0034
:1084cc007ae20700008fbe006400470010007800bd
:1084dc006c004000e600470031187800211078004d
:1084ec006400470010007800700040003e187800cf
:1084fc002e1078001e00be004f04be000080fa0053
:10850c00000006000000fa0001eba8000080fa0051
:10851c00000006000000fa0001eba9000080fa0040
:10852c00000006000000fa0008cba8000080fa004a
:10853c00000006000000fa0008cba9000080fa0039
:10854c00000006000200fa00000f78000080fa001c
:10855c00000006000400fa008e80e8008008780015
:10856c000e80e80010007800e10f50000800320087
:10857c00e10f500003003900e20f500007003200f9
:10858c000900370091608000010f78000600370069
:10859c00a1608000010f780003003700e1608000cb
:1085ac00010f7800000000001e0078000080fa0027
:1085bc00000006000400fa008e80e80080087800b5
:1085cc000e80e80010007800e10f50000f00320020
:1085dc00e10f500003003900e20f5000150032008b
:1085ec001e0037008059800033800a000000000014
:1085fc000080fb0000f0a7000000ea000000ea0089
:10860c004f00de00004f78001400370080598000c6
:10861c0044800a00000000000080fb0000f0a7006e
:10862c000000ea000000ea004f00de00004f780076
:10863c000a0037008059800088800a000000000082
:10864c000080fb0000f0a7000000ea000000ea0038
:10865c004f00de00004f7800000000001e40780044
:10866c000080fa00000006000000fa002b48a80069
:10867c000080fa00000006000000fa002b48a90058
:10868c000080fa00000006000000fa000b48a90068
:10869c000080fa00000006000200fa00000f7800cb
:1086ac001e00780000407800674060006740600062
:1086bc00674060000080fb00670060004800dd0040
:1086cc0062438000f18f2f00810061000100700077
:1086dc00604388000080fa00000006000200fa00e7
:1086ec00000f78001e007800e10f500007003200e8
:1086fc00e10f500003003900e20f5000050032007a
:10870c00060037002bc8a800040037002be8a8008f
:10871c00020037002c68a800000000000080fa005e
:10872c00000006000200fa00000f78001e0078001e
:10873c00e10f500007003200e10f50000300390038
:10874c00e20f500005003200060037002bc8a900cc
:10875c00040037002be8a900020037002c68a900a0
:10876c00000000000080fa00000006000200fa0081
:10877c00000f78001e007800e10f50000700320057
:10878c00e10f500003003900e20f500005003200e9
:10879c00060037000bc8a900040037000be8a9003d
:1087ac00020037000c68a900000000000080fa00ed
:1087bc00000006000000fa00002bef00000620006d
:1087cc0010588800042bef00b002200030588800ad
:1087dc00082bef000a2bef00102bef00122bef00f1
:1087ec00142bef008011200000598800222bef0081
:1087fc00302bef00322bef00382bef00402bef002b
:10880c00482bef00502bef003a2bef00422bef00e0
:10881c004a2bef00522bef003c2bef00442bef00c8
:10882c004c2bef00542bef003e2bef00462bef00b0
:10883c004e2bef00562bef00682bef006c2bef004c
:10884c00702bef00742bef0000402000505b880071
:10885c0000402000705b880000402000905b880086
:10886c0000402000b05b8800a02bef00a42bef0091
:10887c00a82bef00ac2bef00d02bef00d22bef008e
:10888c00f02bef00f22bef00f82bef00fa2bef00a0
:10889c00022cef000c2cef000e2cef00102cef0034
:1088ac00122cef00142cef00162cef00182cef00fc
:1088bc001a2cef001c2cef001e2cef00202cef00cc
:1088cc00222cef002c2cef002e2cef0080572400d4
:1088dc007b000700605a240090000700405c2400d5
:1088ec009d0007000bc8a9002bc8a8000be8a90025
:1088fc002be8a8000c68a9002c68a8001160800067
:10890c0000f02000010070001060880001eba8004e
:10891c0060000700802bef00822bef00842bef0010
:10892c00862bef00882bef008a2bef00902bef00ab
:10893c000080fa00000006000200fa0001eba9001a
:10894c0091608000010f78000bc8a9002bc8a9000a
:10895c00a1608000010f78000be8a9002be8a900aa
:10896c00e1608000010f78000c68a9002c68a90058
:10897c00002bef000006200010588800042bef009d
:10898c00062bef00082bef000a2bef00102bef004b
:10899c00122bef00142bef00202bef00222bef00fb
:1089ac00302bef00322bef00382bef00402bef0079
:1089bc00482bef00502bef003a2bef00422bef002f
:1089cc004a2bef00522bef003c2bef00442bef0017
:1089dc004c2bef00542bef003e2bef00462bef00ff
:1089ec004e2bef00562bef00682bef006c2bef009b
:1089fc00702bef00742bef006a2bef006e2bef0047
:108a0c00722bef00762bef00802bef00822bef0008
:108a1c00842bef00862bef00882bef008a2bef00c6
:108a2c00902bef00a02bef00a42bef00a82bef0056
:108a3c00ac2bef00d02bef00d22bef00f02bef0084
:108a4c00f22bef00f82bef00fa2bef00002cef00cd
:108a5c00022cef000c2cef000e2cef00102cef0072
:108a6c00122cef00142cef00162cef00182cef003a
:108a7c001a2cef001c2cef001e2cef00202cef000a
:108a8c00222cef002c2cef002e2cef000080fa0093
:108a9c00000006000000fa0000eca8000000000036
:108aac000160800000002800008060000000e000f1
:108abc00fbff32000aeba8000080fa000000060061
:108acc000200fa00000f78001e0078000000e000a1
:108adc00020032009e007800419088000080fa006d
:108aec00000006000000fa000080fa0000000600fa
:108afc000000fa005140800000402000008060001f
:108b0c000000e000030032004090800000000100f3
:108b1c000b48a9000080fa00000006000200fa00d1
:108b2c00000f78001e0078000000e0000200320008
:108b3c009e007800519088000080fa00000006002a
:108b4c000400fa00000f78000e80e800010878009d
:108b5c000080fa00000006000200fa00000f780006
:108b6c001e0078000000e000020032009e00780039
:108b7c00619088000080fa00000006000200fa00f4
:108b8c00000f78000080fa00000006000000fa00d8
:108b9c0007d2bf000004a2000004e000090032006c
:108bac00a0e9840000000100d1e98400f226210034
:108bbc0033a82300006024000100010010c0b300a2
:108bcc0007f2b7000080fa00000006000000fa006f
:108bdc0007d2bf000004e00004003200e1e9840089
:108bec0000602400010001000772ef000080fa0011
:108bfc00000006000000fa00109080002190800018
:108c0c00f226210033a82300b1e007001090880061
:108c1c00219088000080fa00000006000400fa0091
:108c2c008e80e800800878000e80e8001000780044
:108c3c0041022000010f4000109080002190800024
:108c4c001e017800780141000089be000080fa0006
:108c5c00000006003800fa00889fbe006103200067
:108c6c008e80400080087800600320000e004000d9
:108c7c0010007800fa004700680140000d00090060
:108c8c00b2187800600320000e004000100078003d
:108c9c0041022000808040006400470001087800f9
:108cac006600470012908000239080000288be006e
:108cbc006400470010007800780040001000be00ef
:108ccc00660247000001be001400be0077e00700fa
:108cdc006a0147000089be00600320000e004000be
:108cec00100078001000be006011b80013e00700ff
:108cfc000000e00017003a00640047001001780003
:108d0c006000b8006c0141000089be00640047009f
:108d1c00100178006000b800740141000089be00a9
:108d2c00640047001000780078004000e60047001f
:108d3c003118780021107800640047001001780089
:108d4c006000b8007c0141000089be0010c0b30077
:108d5c00f400370018c0b3006a0047006011b80077
:108d6c001000be00f7df07000000e00001003c002f
:108d7c000044eb000804e000e9003200600320002e
:108d8c000e004000100078001002be0060032000ae
:108d9c000e00400010007800640040001000be007f
:108dac000001be000400be0040e007006e01470059
:108dbc000089be007a0047001000be006e0147001b
:108dcc001201be0006e207000004be007a00470054
:108ddc001000be000001be000000200001f82300be
:108dec0032e007000002be0064004700100078006b
:108dfc00740040001000be000001be000400be0064
:108e0c00f7e107000001be000800be0030e00700db
:108e1c00720147000089be00640047001000780012
:108e2c00740040001000be00720247000001be003a
:108e3c001400be001de007006a0147001201be00cd
:108e4c0008e10700760147000089be006400470076
:108e5c00100078006c0040001004be00ea004700cf
:108e6c006e0047001101be001000be00dce10700df
:108e7c000001be000800be0015e0070064014700b9
:108e8c00120178006c0141000089be0060022000d4
:108e9c000e0040001000be006e0147001201be0023
:108eac00cfe107000004be00a00220000e0040002d
:108ebc001002be0064004700100078006c004000f7
:108ecc001000be000001be000400be00c4e107009b
:108edc000001be000800be00fddf07000004be005c
:108eec00e00220000e0040001000be00760147009a
:108efc001201be00bae107000001be000800be006e
:108f0c00f3df0700008fbe007e0047001000be009c
:108f1c0018c0b3001e01be0088df07000000e0008f
:108f2c00010035000044eb000804e0002e00320084
:108f3c007e0047001000be006011b800c4df0700bf
:108f4c000000e000280032007e004700301f78004f
:108f5c0020177800a00220000e0040001000be0078
:108f6c006011b800badf07000000e0001e003200fc
:108f7c00600220000e0040001000be006e01470091
:108f8c001201be0096e107000001be001e00be00eb
:108f9c00c6df07000004be00e00220000e00400007
:108fac001000be00760147001201be008ce10700e4
:108fbc000001be000800be00bcdf07000002be00be
:108fcc00a00220000e0040001000be000001be00f8
:108fdc000400be00a3e00700640147001201780002
:108fec006c0141000089be00200220000e004000f0
:108ffc001000be0018c0b3001e01be0051df0700f8
:10900c000000e00001003c000044eb000804e0001c
:10901c0030003200200220000e0040001000be0084
:10902c006011b8008adf07000000e0002900320060
:10903c00200220000e004000301f7800201778001e
:10904c00a00220000e0040001000be006011b8000d
:10905c007fdf07000000e0001e00320060022000ed
:10906c000e0040001000be006e0147001201be0051
:10907c005be107000001be001e00be008bdf070095
:10908c000004be00e00220000e0040001000be00f4
:10909c00760147001201be0051e107000001be003d
:1090ac000800be0081df07000002be00a002200005
:1090bc000e0040001000be000001be000400be0007
:1090cc0068e0070064014700120178006c01410060
:1090dc000089be0064004700100078007400400056
:1090ec00f200470031187800211078006400470026
:1090fc001000780078004000e60047003118780036
:10910c002110780064004700100078007c004000bb
:10911c003e1878002e10780010c0b3000100370004
:10912c000040eb004f04be000080fa000000060077
:020000040000fa
:10913c00341100006200000080000000e211000009
:10914c000c000000820000000100000000803f00c5
:10915c00000080003fff0000c81000006c00000001
:10916c008000000000100000c80000008200000019
:10917c002e000000000000000000000000000000b5
:10918c0000000000000000000000000000000000d3
:10919c0000000000000000000000000000000000c3
:1091ac0000000000000000000000000000000000b3
:1091bc0000000000000000000000000000000000a3
:1091cc000000000000000000000000000000000093
:1091dc000000000000000000000000000000000083
:1091ec000000000000000000000000000000000073
:1091fc000000000000000000000000000000000063
:10920c000000000000000000000000000000000052
:10921c000000000000000000000000000000000042
:10922c000000000000000000000000000000000032
:10923c000000000000000000000000000000000022
:10924c000000000000000000000000000000000012
:10925c000000000000000000000000000000000002
:10926c000000000000000000be1d08001e161e00bd
:10927c00942366001dbe2400461d0000161200003b
:10928c000200000080000000ee1100000c00000045
:10929c008200000075000000000000000000c0000b
:1092ac0051205200201b00005800000082000000da
:1092bc00da9c0000000000000000000000ae9c00e2
:1092cc000000000000000000000000000000000092
:1092dc000000000000000000000000000000000082
:1092ec000000000000000000442d6a00304c3200e9
:1092fc00f232040032283200ec2f00000000000093
:10930c000000000000000000000000000000000051
:10931c00000000000000000000009000339e3300ad
:10932c0016342000340000002a12000098060000b9
:10933c0080000000961100004c000000800000002e
:10934c000e12000004000000820000000100ff006b
:10935c00ff000000cc1b00000a000000820000008f
:10936c0020562c005638560064560c00560000004f
:10937c00781b000044000000800000000212000076
:10938c000600000080000000bc1b00001000000064
:10939c008000000012120000040000008000000099
:1093ac001812000002000000800000001a120000d9
:1093bc0002000000800000001c12000002000000ef
:1093cc0080000000f219000066000000820000001e
:1093dc000000000000000000000000000000000081
:1093ec000000000000000000000000000000000071
:1093fc000000000000000000383e98003e00000015
:10940c000000000000000000000000000000000050
:10941c000000000000000000000000000000000040
:10942c000000000000183e00783e00000000000024
:10943c000000000000000000000000000000000020
:10944c000000000000000000000000000000000010
:10945c00010058003eb83e00d61b00000200000080
:10946c0082000000707100001e120000020000005b
:10947c0080000000581a000064000000800000000a
:10948c00201200000200000080000000bc1a000046
:10949c0064000000800000002212000002000000a6
:1094ac008000000024120000020000008000000078
:1094bc0026120000020000008000000008120000cc
:1094cc000600000080000000fa11000008000000f7
:1094dc008000000028120000020000008000000044
:1094ec00c2180000300100008200000003000400dc
:1094fc000004000006008300f9a20000444e6e0038
:10950c0000fc29001500d10057270000dd34f500c0
:10951c000062db00c0003c009995000041904300c4
:10952c0000635100fe00bb00deab0000b761c5005c
:10953c00003a6e002400d2004d4200004906e000c3
:10954c000009ea002e001c0092d10000eb1dfe0069
:10955c000029b1001c00e8003ea70000f535820090
:10956c000044bb002e009c00e9840000b42670006f
:10957c0000417e005f00d600913900005383390012
:10958c00009cf40039008b005f84000028f9bd00ba
:10959c0000f81f003b00de00ff9700000f9805004d
:1095ac0000112f00ef000a005a8b00006d1f6d0098
:1095bc0000cf7e0036000900cb270000464fb700d5
:1095cc00009e66003f002d00ea5f0000ba27750080
:1095dc0000e5eb00c7003d007bf10000f739070008
:1095ec00009252008a00fb006bea00001fb15f0082
:1095fc0000085d008d003000035600007bfc460027
:10960c0000f0ab006b002000bccf000036f49a00d9
:10961c0000e3a9001d005e0061910000081be6003c
:10962c00008599006500a000145f00008d40680063
:10963c000080d800ff002700734d000006063100a3
:10964c0000ca56001500c900a87300007be2600038
:10965c00006b8c00c000da000fc93f006821a2002b
:10966c0033c43400c2278b0062c61b001cdc800094
:10967c000f022900d10314000000000000000000bc
:08968c000000000000000000d6
:020000040000fa
:109694000400fa008e80e800800878000040eb00a7
:1096a400004f7800140037001e80fb00ea00b90068
:1096b4008000780080a521000080400090007800a0
:1096c4000e80e80010007800808f500009003a00f6
:1096d4001e80fb00ea00b9008000780080a521000c
:1096e400008040008000eb000108780010c0b30047
:1096f400050037001e4fe8001e407800e94f500077
:10970400e9ff36000040eb000080fa00000006008c
:109714000800fa008e80e8008008780064004700a2
:109724000288be000040eb00004f780022003700a2
:109734001e80fb00ea00b9008000780080a52100ab
:1097440000804000100078000000e00019003a009a
:109754001e80fb008e80e80011017800ea00b90049
:109764008000780080a52100008040000208780075
:109774001e80fb00ea00b90080007800a0a521004b
:1097840000804000e4004700311878002110780080
:109794001e80fb00ea00b90080007800a0a521002b
:1097a400008140006000b8000089be0010c0b30012
:1097b400050037001e4fe8001e407800e94f5000b6
:1097c400dbff36000040eb000080fa0000000600da
:1097d4000200fa000040eb00004f78000800370058
:1097e4001e80fb00ea00b9008000780080a52100fb
:1097f400008040008000eb00010878001e4fe80064
:109804001e407800e94f5000f5ff36000080fa0052
:10981400000006000000fa0020d2bf000004a200ed
:109824000004e0000900320090e884000000010018
:10983400b0e8840000000100e1e8840040c4240092
:109844000100010010c0b30020f2b7000000eb00db
:109854000080fa00000006000000fa0020d2bf00d9
:109864000004e00005003200c0e8840000000100ac
:10987400a0e88400000001002072ef000080fa00dc
:10988400000006000200fa00889fbe008a1f7800cc
:109894000040eb00004f780020d2bf000004e0003d
:1098a400410032003d0037001e80fb00ea00b90091
:1098b4008000780080a5210000804000100078001e
:1098c4000000e000340032001e84fb00ea40b900ce
:1098d400e600400080a52100008040001000be008a
:1098e4000200200003f823007bdd0700ea44b900ee
:1098f40088017800e2a52100028141000089be00b0
:109904001e80fb00ea00b9008080e80080a52100e9
:10991400008040001004be001e80fb00ea00b90075
:10992400e600400080a52100008040001000be0039
:1099340072712b00138523002bdf07001ac0b300bc
:109944000001be000800be00fedc07000000e000cd
:10995400010034000045eb000a04e0000e00320070
:109964001e80fb00ea00b9008000780080a5210079
:109974000080400010007800000001001e80fb0001
:10998400ea00b90080007800e0a5210000814000d1
:109994006000b8000089be001e4fe8001e40780039
:1099a400e94f5000c0ff36004f0578004f04be0059
:1099b4000080fa00000006000400fa008e80e8002f
:1099c400800878000040eb00004f78001400370056
:1099d4001e80fb00ea00b90080007800c0ab2100c3
:1099e40000804000900078000e80e80010007800ad
:1099f400808f500009003a001e80fb00ea00b90085
:109a040080007800c0ab2100008040008000eb00a3
:109a14000108780010c0b300050037001e4fe800ad
:109a24001e407800e94f5000e9ff36000040eb008b
:109a34000080fa00000006000800fa008e80e800aa
:109a440080087800640047000288be000040eb00f4
:109a5400004f7800220037001e80fb00ea00b900a6
:109a640080007800c0ab2100008040001000780026
:109a74000000e00019003a001e80fb008e80e80020
:109a840011017800ea00b90080007800c0ab210021
:109a940000804000020878001e80fb00ea00b90044
:109aa40080007800e0ab210000804000e400470023
:109ab40031187800211078001e80fb00ea00b900fc
:109ac40080007800e0ab2100008140006000b80015
:109ad4000089be0010c0b300050037001e4fe80027
:109ae4001e407800e94f5000dbff36000040eb00d9
:109af4000080fa00000006000200fa000040eb00bb
:109b0400004f7800080037001e80fb00ea00b9000f
:109b140080007800c0ab2100008040008000eb0092
:109b2400010878001e4fe8001e407800e94f5000fd
:109b3400f5ff36000080fa00000006000000fa007d
:109b440020e884000000010040e8840000000100d7
:109b540071e8840000dd24000100010010c0b3009e
:109b640022f2b7000000eb000080fa0000000600bb
:109b74000000fa0022d2bf000004e0000500320019
:109b840050e884000000010030e884000000010077
:109b94002272ef000080fa00000006000200fa00c2
:109ba400889fbe008a1f78000040eb00004f7800b9
:109bb40022d2bf000004e000410032003d00370023
:109bc4001e80fb00ea00b90080007800c0ab2100d1
:109bd40000804000100078000000e00034003200f3
:109be4001e84fb00ea40b900e6004000c0ab21003f
:109bf400008040001000be000200200003f8230093
:109c0400b5dc0700ea44b9008801780022ac2100e1
:109c1400028141000089be001e80fb00ea00b900f9
:109c24008080e800c0ab2100008040001004be002a
:109c34001e80fb00ea00b900e6004000c0ab210032
:109c4400008040001000be00f226210033a823004b
:109c540065de07001ac0b3000001be000800be00a4
:109c640038dc07000000e000010034000045eb0090
:109c74000a04e0000e0032001e80fb00ea00b90076
:109c840080007800c0ab2100008040001000780004
:109c9400000001001e80fb00ea00b900800078008b
:109ca40020ac2100008140006000b8000089be00a3
:109cb4001e4fe8001e407800e94f5000c0ff3600f8
:109cc4004f0578004f04be000080fa000000060033
:109cd4000400fa000e81e8000049780063004700a0
:109ce400014878000040eb00004f78006300470013
:109cf400104078000080fb00e20f50001100320099
:109d0400e20f500003003c00e10f50000600320057
:109d140021003700e30f500011003200e40f50001f
:109d2400160032001c0037001e4078000054a100c9
:109d3400004f78001e4078000064a100004f7800b6
:109d4400150037001e4078000054a000004f780032
:109d54001e4078000064a100004f78000e00370018
:109d64001e4078000054a100004f78001e40780087
:109d74000064a000004f7800070037001e40780000
:109d84000054a000004f78001e4078000064a0003a
:109d9400004f7800000000001e4078000074a0000e
:109da400004f7800a3e784000e80e800104078009c
:109db4000080fb00120020008e00780003000100e8
:109dc4000004e0000b00320000000000f0e7840013
:109dd400000001000004e000fcff3a00e0e784001a
:109de400000001000000e00002003a0010c0b300cf
:109df400010037000040eb000080fa00000006007c
:109e04001000fa00ec014700804978006d0047001b
:109e1400014878006e004700020878006d00470092
:109e2400104078008040e9006d0047000148780048
:109e3400b3e784006c004700104078000080fb000a
:109e4400e800470032002000030001000004e000a5
:109e54003c00320000000000f0e784000000010034
:109e64000004e000fcff3a00e0e784000000010089
:109e7400000f78001e0078000000e00031003a0076
:109e84006a004700104078000080fb004700de00b5
:109e9400004078000080fb00610060000000e000ea
:109ea40028003a006a004700104078000080fb0058
:109eb4004500de00804078006d00470010407800c7
:109ec40080c060006d0047001040780080cf5000d3
:109ed4001c003a0068004700104078000080fb0036
:109ee400c800dd0069004700104078000080fb00d6
:109ef40081007000f0ff2300808060000e80e80085
:109f0400010878000e80e800100078008000eb0063
:109f1400cfdb0700f226210033a82300b2dd0700bf
:109f2400640147000089be006e004700900078007d
:109f340064004700b0187800a010780010c0b30087
:109f4400010037000040eb000080fa00000006002a
:109f54000600fa00640147000049780065004700e4
:109f640001487800e1212100914078006400470015
:109f74001040780080cf500038003200f1212100d9
:109f840091407800650047001040780080cf500071
:109f9400320032000000eb00000f78000000eb00fc
:109fa400000f78001100370060bd21001e00400042
:109fb40090407800640047001040780080cf500043
:109fc4000900320060bd21001e00400010407800ee
:109fd4004f0007000004a2000004e0000200320069
:109fe4000040eb001e0037001e0fe8001e00780042
:109ff400e10f5000ecff34000e80e800e50047005c
:10a0040011487800a3e784006400470010407800fa
:10a014000080fb008e80e800120020000300010095
:10a024000004e0000b00320000000000f0e78400b0
:10a03400000001000004e000fcff3a00e0e78400b7
:10a04400000001000000e00002003a0010c0b3006c
:10a05400030037000040eb000100370010c0b300dc
:10a064000080fa00000006000600fa0064014700c0
:10a074000049780065004700014878008040eb0003
:10a084000e80e80001487800b3e7840064004700cc
:10a09400104078000080fb008e80e8001200200051
:10a0a400030001000004e00016003200000000007c
:10a0b400f0e78400000001000004e000fcff3a0027
:10a0c400e0e7840000000100000f78001e00780023
:10a0d4000000e0000b003a000e80e8001040780019
:10a0e4000080fb00e300600065004700104078003a
:10a0f4000080fb00808f500002003a0010c0b300c3
:10a10400010037000040eb000080fa000000060068
:10a114000400fa008e80e800804878000040eb00dc
:10a12400004f7800a3e784000e80e8001040780018
:10a134000080fb00120020008e0078000300010064
:10a144000004e0000b00320000000000f0e784008f
:10a15400000001000004e000fcff3a00e0e7840096
:10a16400000001000000e00002003a0010c0b3004b
:10a17400010037000040eb000080fa0000000600f8
:10a184000000fa00c3e8a80000000000000000007e
:10a194000080fa00000006000000fa00c3e8a900ed
:10a1a40000000000000000000080fa00000006002b
:10a1b4000000fa00f8ff070087030700f0ff07001c
:10a1c400a01b25006100070025a8a8000080fa0054
:10a1d400000006000000fa0000002800e0028800e9
:10a1e4000080fa00000006000000fa0000002400cd
:10a1f4000003880010c0b300faf1b7000080fa0031
:10a20400000006000000fa00fa71ef0000000000f0
:10a2140040038000610060000000e000fcff3200a9
:10a2240080002000200388000080fa00000006005f
:10a234000200fa000040eb00004f78004003800069
:10a2440061006000004078000004e0000200320079
:10a2540010c0b300004f78001e4078000080fa0060
:10a26400000006000000fa00fad1bf000080fa00e6
:10a27400000006000400fa006000b800008fbe0071
:10a28400b00380008000eb00c000dd00000020006f
:10a29400008fbe00a00380008000eb003e01700030
:10a2a400ae8170000200be000080fa0000000600cb
:10a2b4000400fa006000b800008fbe00d0038000e4
:10a2c4008000eb00c000dd0000002000008fbe0015
:10a2d400c00380008000eb003e017000ae8170007e
:10a2e4000200be000080fa00000006000200fa002e
:10a2f4000000eb00000f780041038000100e2000e6
:10a30400008f60001e0078000080fa000000060044
:10a314000400fa006000b800008fbe0070038000e3
:10a324008000eb00c000dd0000002000008fbe00b4
:10a33400600380008000eb003e017000ae8170007d
:10a344000200be000080fa00000006000200fa00cd
:10a35400000f78001e0078000000e00002003200c8
:10a364001e007800009088000080fa0000000600bb
:10a374000000fa000080fa00000006000400fa0061
:10a384008e80e800804878006121210091407800a7
:10a394000e80e8001040780080cf50002400320086
:10a3a4000e80e80010407800004f780011c0b30020
:10a3b4000e007800ddf607008e00e8008048780083
:10a3c40011c0b30010c7b300e1fe07000004e000b1
:10a3d40017003200a3e78400eed1bf000080fb0029
:10a3e400220020008e007800030001000004e00039
:10a3f4000f00320000000000f0e7840000000100bc
:10a404000004e000fcff3a00e0e7840000000100e3
:10a414000000e00006003a000e80e80010417800d9
:10a42400612121008248780010c0b3000100370088
:10a434000040eb000080fa00000006000a00fa0069
:10a4440011c0b30010c7b300c1fe07000004e00050
:10a4540032003200b3e78400eed1bf000080fb007d
:10a464008e80e80062002000030001000004e00088
:10a474002a00320000000000f0e784000000010020
:10a484000004e000fcff3a00e0e784000000010063
:10a49400000f78001e0078000000e0001f003a0062
:10a4a40067004700104078008e80e80052c0b30077
:10a4b400d9f607000004e000180032008000eb0029
:10a4c4006800470001087800680047001000780021
:10a4d4008e80e80000804000e800470038f607005e
:10a4e400808f8800918f88006800470010007800f2
:10a4f4000080e80000004700104078000004a2003b
:10a504000080fb000000e9004f00de0000407800fe
:10a51400f4f1b70010c0b300010037000040eb00b5
:10a524000080fa00000006000000fa008143800069
:10a53400f0ff28000080600000c0a0008043880075
:10a5440071438000f0ff28000080600000c0a0007c
:10a554007043880071438000f08f2f0000806000fa
:10a564000080a00070438800b1428000f0f82f0002
:10a57400008060000040a000b042880001438000d9
:10a5840080ff2f00008060005000b300004388006b
:10a5940041428000f0f82f00808060000006200017
:10a5a400010070004042880001428000f0ff280052
:10a5b4000080600000c0a0000042880001428000ca
:10a5c400f0f82f00008060000060a00000428800c6
:10a5d400904280007000b300904288000080fa002e
:10a5e400000006000000fa0081438000f0ff28000c
:10a5f4000080600000e0a000804388007143800078
:10a60400f0ff28000080600000e0a0007043880094
:10a6140071438000f08f2f000080600000a0a00034
:10a6240070438800b1428000f0f82f000080600081
:10a634000060a000b04288000143800080ff2f002a
:10a64400008060000020a000004388004142800098
:10a65400f0f82f00008060000060a00040428800f5
:10a6640001428000f0ff28000080600000e0a000ac
:10a674000042880001428000f0f82f000080600052
:10a684000060a000004288009142800080ff2f00fb
:10a69400008060000020a000904288000080fa0042
:10a6a400000006000000fa0050002000804a8800e4
:10a6b4005229ef005429ef0000102000b04a88000e
:10a6c4005a29ef005c29ef006029ef006229ef00ae
:10a6d400f0c32900204b88006629ef006829ef00a9
:10a6e40000712200604b88007029ef007229ef008e
:10a6f400e03e25002f0007000080fa00000006005d
:10a704000000fa0051e9a9005029ef005229ef0096
:10a714005429ef0000102000b04a88005a29ef00a5
:10a724005c29ef006029ef006229ef000080eb0054
:10a73400204b88000080eb00304b88006829ef0034
:10a744006c29ef007029ef007229ef000080fa00f5
:10a75400000006000000fa0051e9a8000080fa0099
:10a76400000006000000fa0051e9a9000080fa0088
:10a77400000006000200fa00000f78009e00780036
:10a78400214b88000080fa00000006000200fa0055
:10a79400000f78009e007800614b88000080fa006a
:10a7a400000006000000fa005cc9a8000080fa005e
:10a7b400000006000200fa00000f78001e00780076
:10a7c4000000e000020032001e007800c090880003
:10a7d4000080fa00000006000000fa000080fa0081
:10a7e400000006000000fa0001408000000820007c
:10a7f400008060000000e00003003200c090800090
:10a804000000010000e8a9000080fa000000060032
:10a814000000fa0050002000e04d8800be29ef003f
:10a82400c029ef0000102000104e8800c629ef0058
:10a83400c829ef00cc29ef00ce29ef00f0c329008e
:10a84400204b8800d229ef00d429ef0000712200a8
:10a85400c04e8800dc29ef00de29ef00404a2500c5
:10a864002f0007000080fa00000006000000fa0034
:10a87400bde9a900bc29ef00be29ef00c029ef0003
:10a8840000102000104e8800c629ef00c829ef00f0
:10a89400cc29ef00ce29ef000080eb00804e880029
:10a8a4000080eb00904e8800d429ef00d829ef00f7
:10a8b400dc29ef00de29ef000080fa00000006002a
:10a8c4000000fa00bde9a8000080fa0000000600bc
:10a8d4000000fa00bde9a9000080fa0000000600ab
:10a8e4000200fa00000f78009e007800814e880074
:10a8f4000080fa00000006000200fa00000f780051
:10a904009e007800c14e88000080fa000000060016
:10a914000000fa00c8c9a8000080fa000000060080
:10a924000200fa00000f78001e0078000000e0002a
:10a93400020032001e007800d09088000080fa00e7
:10a94400000006000000fa000080fa000000060083
:10a954000000fa00214080000020200000806000f8
:10a964000000e00003003200d090800000000100ed
:10a974000528a9000080fa00000006000000fa0083
:10a9840050002000a04b88007629ef007829ef00c2
:10a9940000102000d04b88007e29ef008029ef00b2
:10a9a4008429ef008629ef00f0c32900204b88009a
:10a9b4008a29ef008c29ef0000712200804c880066
:10a9c4009429ef009629ef00a05525002f000700d9
:10a9d4000080fa00000006000000fa0075e9a900f2
:10a9e4007429ef007629ef007829ef000010200089
:10a9f400d04b88007e29ef008029ef008429ef00e6
:10aa04008629ef000080eb00404c88000080eb00ba
:10aa1400504c88008c29ef009029ef009429ef0016
:10aa24009629ef000080fa00000006000000fa00fa
:10aa340075e9a8000080fa00000006000000fa0092
:10aa440075e9a9000080fa00000006000200fa007f
:10aa5400000f78009e007800414c88000080fa00c6
:10aa6400000006000200fa00000f78009e00780043
:10aa7400814c88000080fa00000006000000fa0003
:10aa840080c9a8000080fa00000006000200fa0055
:10aa9400000f78001e0078000000e0000200320081
:10aaa4001e007800e09088000080fa000000060094
:10aab4000000fa000080fa00000006000000fa001e
:10aac4001140800000102000008060000000e000c1
:10aad40003003200e0908000000001000308a90098
:10aae4000080fa00000006000000fa009829ef0038
:10aaf4009a29ef009c29ef009e29ef00a229ef007c
:10ab0400a429ef00a829ef00aa29ef00f0a52e0040
:10ab1400604d8800ae29ef00b029ef00b429ef00a2
:10ab2400b829ef00ba29ef00606025002d00070066
:10ab34000488a9002488a8000080fa000000060008
:10ab44000000fa0099e9a9000488a9002488a90052
:10ab54009829ef009a29ef009c29ef0000102000ab
:10ab6400f04c8800a229ef00a429ef00a829ef00e7
:10ab7400aa29ef000080eb00604d88000080eb0004
:10ab8400704d8800b029ef00b429ef00b829ef0018
:10ab9400ba29ef000080fa00000006000000fa0065
:10aba4000488a9002488a80099e9a8000080fa0074
:10abb400000006000000fa0099e9a9000488a90031
:10abc4002488a9000080fa00000006000200fa00b0
:10abd400000f78009e007800614d88000080fa0024
:10abe400000006000200fa00000f78001e00780042
:10abf4000000e000020032001e007800209188006e
:10ac04000080fa00000006000000fa000080fa004c
:10ac1400000006000000fa0020e6840000000100a5
:10ac240040e684000000010071e684000000eb00af
:10ac3400010001000080fa00000006000000fa0094
:10ac440071e684000000eb00010001000080fa00be
:10ac5400000006000000fa0071e68400f0c3290039
:10ac6400010001000080fa00000006000400fa0060
:10ac7400881f7800008fbe00e0d3290064004000e4
:10ac84009000780080b72100010001000004e0007a
:10ac94000900320078e68400c0dd8000d1dd800048
:10aca40002f02300c37124004fda07004ad80700da
:10acb40000007800080001004f0478000080fa00ca
:10acc400000006000000fa0001b82100e2fd2f0098
:10acd400020147000d000900b21878000080fa0054
:10ace400000006000000fa0010002200307c8800fa
:10acf40000032000407c88008c2fef00100220000d
:10ad0400507c880000202900c07d8800300020008d
:10ad1400d07d880000002c00f07d8800002def001d
:10ad2400a02fef00a42fef00a62fef00a82fef0015
:10ad3400aa2fef00ae2fef00b02fef00b22fef00dd
:10ad44003200200080072000a109200053f82000d1
:10ad540080497800814978008249780012002000f7
:10ad6400600420007105200043f820008049780029
:10ad7400814978008249780000000000207c80002e
:10ad8400610060000000e000fcff3a0000000000e9
:10ad9400217c800000022000008060000000e000b0
:10ada400fbff32000080fa00000006000000fa00f9
:10adb400100020003070880000c02000107188004e
:10adc400e00120001070880090372a00f07088009d
:10add4000a2eef00262eef000c2eef00282eef0097
:10ade400082eef00242eef00e00120000070880000
:10adf40080092000e07088000000eb00510520006d
:10ae0400b1468800a10a2000b14688000068880085
:10ae1400716c800000fc2f0000806000f000b30023
:10ae2400706c8800316c8000f00f2c008080600012
:10ae34000020210001007000306c8800616c8000eb
:10ae440000fc2f00008060000040a000606c8800bf
:10ae54000080200051052000b1468800a10a20008e
:10ae6400b1468800006888000080fa0000000600ef
:10ae74000000fa000021ef000421ef0070bb200065
:10ae840040088800e07825001a0007000080fa00d6
:10ae9400000006000000fa000b0007000021ef008c
:10aea4000421ef000821ef000080fa0000000600f2
:10aeb4000000fa000028a9002028a80001e1a80049
:10aec4000080fa00000006000000fa0001e1a90079
:10aed4002028a9000080fa00000006000200fa0001
:10aee400000f78009e007800410888000080fa0076
:10aef400000006000200fa00000f78001e0078002f
:10af04000000e000020032001e007800309188004a
:10af14000080fa00000006000000fa000080fa0039
:10af2400000006000200fa00004f780011c0b300d0
:10af340000c7b30006fc07000004e000060032006e
:10af440000d22900104078009e40780060fb070082
:10af540010c0b300010037000040eb000080fa008d
:10af6400000006000400fa00004f78000e80e8009c
:10af74000108780011c0b30000c7b300f4fb070058
:10af84000004e0000700320000d2290010407800dd
:10af94008e80e800110178009e40780098fb07003d
:10afa400010037000040eb000080fa0000000600ba
:10afb4000000fe00d6fc0700821f7800e28f8000ac
:10afc4000000110002002000810019004f017800e8
:10afd400000006000000fe00801f7800811f78003a
:10afe400821f780060038000801f7800c8fc07007f
:10aff4004f017800020150000201e900e28f88004d
:10b004004f017800cf0078004f0078000000060060
:10b014000000fa00c3e8a8000000000000000000df
:10b024000080fa00000006000000fa002dff07006f
:10b034005eff0700e1f507005dfc070056ef07001f
:10b0440098fd07004dfe0700a7fe0700f0fd07006e
:10b0540087ff070034fd0700edff07000080fa00ba
:04b0640000000600e2
:020000040000fa
:10b06800f03fb1000180b10006003500ee03090091
:10b0780000000000403fb1000180b100fbff3d002f
:10b088001000b000203fb000020035000080090029
:08b098000000000000000600aa
:020000040000fa
:04be0000ffffff0041
:020000040000fa
:04be2000ffffff0021
:020000040000fa
:04be300078ffff0098
:020000040000fa
:04be38007cffff008c
:020000040000fa
:04be4000a003ff005c
:020000040000fa
:04be4800ffffff00f9
:020000040000fa
:04be5000ddffff0013
:020000040000fa
:04be58000000ff00e7
:020000040000fa
:04be60000000ff00df
:020000040000fa
:04be68000000ff00d7
:020000040000fa
:04be70000000ff00cf
:020000040000fa
:04be7800ffffff00c9
:020000040000fa
:04be8000fffcff00c4
:020000040000fa
:04be8800ffffff00b9
:00000001FF
